Serial_Number,Location,ToolID,Tool_type,Mold_type,Availablity,Date_Created,Date_Scraped,Manufacture
19UUA65526A656372,Keokuk,88,32,Cope,Sharp,2023-02-22 22:30:00,2023-06-22 11:21:00,Granite City
19UUA9F53CA536284,Winnipeg,555,28,Drag,Sharp,2022-12-09 23:23:00,2023-11-19 18:05:00,Amsted
19UUA9F59EA230015,Winnipeg,252,42,Cope,Sharp,2023-04-01 03:41:00,2023-09-25 11:22:00,Granite City
19UUA9F78DA849432,Winnipeg,248,32,Drag,Sharp,2023-10-18 23:07:00,2023-07-13 22:33:00,Granite City
19UYA42602A862688,Columbus,147,42,Cope,Sharp,2023-02-26 05:09:00,2023-05-13 13:10:00,Amsted
19UYA42792A246450,Kansas City,102,28,Cope,Sharp,2022-12-28 22:36:00,2023-05-06 23:58:00,Granite City
19VDE1F52FE929823,Winnipeg,878,28,Null,Dull,2022-12-26 20:09:00,2023-04-24 02:19:00,Amsted
19VDE1F76DE951192,Winnipeg,847,32,Null,Dull,2023-02-10 11:22:00,2023-04-16 08:38:00,Granite City
19VDE3F76EE251878,Columbus,481,28,Null,Sharp,2023-05-05 22:15:00,2023-10-15 23:58:00,Granite City
19XFB2E58FE970408,Kansas City,263,42,Drag,Dull,2023-05-13 13:52:00,2023-11-25 21:03:00,Granite City
19XFB2E5XEE037141,Winnipeg,841,32,Drag,Dull,2023-03-20 21:42:00,2023-09-19 16:39:00,Granite City
19XFB4F23FE689973,Kansas City,558,32,Drag,Dull,2023-09-02 09:34:00,2023-05-27 17:42:00,Amsted
1B3CB8HB5BD721150,Columbus,127,28,Drag,Sharp,2022-12-28 20:55:00,2023-09-25 19:14:00,Amsted
1C3BC2FBXBN446946,Kansas City,521,32,Drag,Dull,2023-05-19 05:50:00,2023-07-25 04:35:00,Amsted
1C3BC6EV0AN983911,Winnipeg,995,28,Null,Sharp,2022-11-30 04:27:00,2023-07-06 09:07:00,Amsted
1C3BC7EG8BN252572,Columbus,89,28,Drag,Dull,2023-01-14 02:48:00,2023-11-09 08:18:00,Granite City
1C3CC5FB8AN983934,Kansas City,906,28,Drag,Dull,2023-09-22 18:03:00,2023-01-05 10:21:00,Amsted
1C3CCBBB7CN348291,Winnipeg,42,28,Cope,Dull,2023-09-23 01:39:00,2023-10-29 08:13:00,Granite City
1C3CDFBBXED051920,Winnipeg,891,42,Cope,Sharp,2023-05-20 23:04:00,2023-07-26 12:06:00,Granite City
1C3CDFCA4DD040092,Winnipeg,221,42,Null,Dull,2023-02-08 23:32:00,2023-05-26 21:02:00,Granite City
1C3CDFCA6DD269244,Keokuk,330,32,Drag,Sharp,2023-04-11 15:30:00,2023-05-05 06:19:00,Amsted
1C3CDZAB0CN902939,Keokuk,33,42,Drag,Sharp,2023-02-15 05:55:00,2023-06-09 09:37:00,Amsted
1C4AJWAG9EL262007,Keokuk,295,42,Drag,Sharp,2023-09-12 19:53:00,2023-11-13 20:55:00,Amsted
1C4RDHAGXEC320776,Winnipeg,962,28,Drag,Dull,2023-04-04 07:57:00,2023-07-14 04:36:00,Granite City
1C4RDHEG0CC849998,Columbus,226,28,Null,Dull,2022-12-19 01:50:00,2023-03-09 09:16:00,Granite City
1C4RDJAG1EC101387,Kansas City,114,28,Null,Dull,2023-02-02 17:16:00,2022-12-18 06:33:00,Granite City
1C4RDJDG8DC219527,Winnipeg,199,28,Null,Sharp,2023-04-13 07:20:00,2023-04-11 13:23:00,Granite City
1D4PT7GX7AW388699,Columbus,215,28,Drag,Sharp,2023-01-22 13:52:00,2023-08-09 23:14:00,Granite City
1D4RD4GG2BC941234,Keokuk,323,28,Null,Dull,2023-09-25 15:40:00,2023-05-08 00:54:00,Amsted
1D4RD5GG5BC231220,Winnipeg,919,32,Drag,Dull,2023-10-19 10:39:00,2023-06-29 15:39:00,Granite City
1D4RE4GG3BC909339,Keokuk,223,28,Null,Sharp,2023-01-13 08:54:00,2023-08-13 01:15:00,Amsted
1D4RE5GG4BC877636,Columbus,103,28,Null,Dull,2023-03-16 07:31:00,2023-07-10 09:23:00,Amsted
1D4RE5GGXBC321508,Kansas City,941,32,Null,Dull,2023-01-17 20:24:00,2023-11-06 14:08:00,Granite City
1D7CW2BK7AS462606,Columbus,705,28,Null,Dull,2023-03-19 02:11:00,2023-03-10 04:25:00,Amsted
1D7RB1CP2AS088867,Winnipeg,155,42,Drag,Dull,2023-07-05 02:42:00,2022-12-07 18:46:00,Amsted
1D7RE2BK6BS831633,Kansas City,952,32,Cope,Sharp,2023-08-14 09:31:00,2023-02-24 22:48:00,Granite City
1D7RE3BK8BS413032,Columbus,680,42,Cope,Sharp,2022-12-07 20:20:00,2023-04-12 10:23:00,Granite City
1D7RV1CP2AS390800,Keokuk,610,42,Cope,Sharp,2023-11-08 09:00:00,2023-09-16 06:26:00,Amsted
1D7RV1GP6AS219543,Winnipeg,881,42,Cope,Sharp,2023-06-16 11:08:00,2023-10-03 01:09:00,Amsted
1D7RW2BK2BS507494,Winnipeg,151,42,Null,Sharp,2023-03-20 08:56:00,2023-07-01 21:29:00,Amsted
1FAHP3DN9AW911793,Columbus,410,28,Null,Dull,2023-04-28 05:24:00,2023-03-23 14:51:00,Amsted
1FBNE3BLXAD742739,Columbus,264,28,Cope,Dull,2023-01-14 22:05:00,2023-01-07 05:31:00,Granite City
1FBSS3BL5AD016248,Winnipeg,62,28,Null,Sharp,2023-07-02 22:53:00,2023-05-14 17:55:00,Granite City
1FMCU4K31BK780851,Columbus,616,42,Drag,Dull,2023-03-16 21:31:00,2023-01-25 17:23:00,Amsted
1FMCU4K36AK629163,Keokuk,865,42,Drag,Dull,2023-02-10 22:43:00,2023-07-20 22:26:00,Granite City
1FMCU9C73AK966078,Columbus,541,28,Cope,Dull,2023-11-06 11:25:00,2023-06-15 17:22:00,Granite City
1FMEU7DE5AU369237,Kansas City,437,42,Cope,Dull,2023-10-20 11:48:00,2023-11-25 17:34:00,Amsted
1FMEU7EE7AU222545,Winnipeg,130,28,Cope,Sharp,2023-02-06 09:05:00,2023-06-08 11:29:00,Granite City
1FMJK1H54BE515490,Winnipeg,554,42,Cope,Sharp,2023-03-14 00:54:00,2023-03-22 12:03:00,Granite City
1FMJK1H56DE756910,Columbus,447,42,Cope,Sharp,2023-03-07 10:14:00,2023-07-24 15:21:00,Granite City
1FMJK1HT1FE921151,Columbus,159,32,Cope,Dull,2023-05-17 19:53:00,2023-02-03 09:27:00,Amsted
1FMJK2A57AE436071,Keokuk,219,28,Cope,Sharp,2023-01-05 23:34:00,2022-12-07 09:24:00,Granite City
1FMJU1F51AE305277,Columbus,782,42,Null,Sharp,2023-08-30 16:54:00,2022-12-29 02:54:00,Amsted
1FMJU1F59AE608792,Winnipeg,85,28,Null,Dull,2023-06-21 17:45:00,2023-02-12 23:04:00,Granite City
1FMJU1J52AE022491,Winnipeg,636,42,Cope,Dull,2023-04-03 22:36:00,2023-09-19 21:50:00,Granite City
1FMJU1J54AE651721,Kansas City,832,28,Null,Dull,2023-10-08 09:20:00,2023-10-09 12:46:00,Amsted
1FT7W2A6XEE617067,Kansas City,861,32,Cope,Dull,2023-03-06 11:11:00,2023-04-21 17:16:00,Granite City
1FTEW1C80AK720509,Keokuk,213,42,Null,Dull,2023-05-30 19:45:00,2023-11-19 17:54:00,Granite City
1FTEW1C82AK656585,Kansas City,697,28,Null,Dull,2023-01-23 00:14:00,2023-07-14 23:46:00,Granite City
1FTEW1C83AF401257,Kansas City,857,32,Null,Sharp,2023-07-13 18:53:00,2023-11-08 03:28:00,Amsted
1FTEW1CM0BF175547,Winnipeg,797,28,Cope,Dull,2023-07-06 00:03:00,2023-03-17 16:38:00,Granite City
1FTEW1CM2BF411762,Columbus,319,42,Cope,Dull,2023-03-16 22:53:00,2023-11-08 10:40:00,Granite City
1FTEW1CM2CK612909,Keokuk,760,32,Drag,Sharp,2023-10-13 13:49:00,2023-03-26 17:08:00,Granite City
1FTEW1CW1AK641624,Keokuk,739,28,Null,Sharp,2023-05-21 22:44:00,2023-05-14 20:42:00,Granite City
1FTEW1E83AF409176,Winnipeg,586,32,Cope,Dull,2023-06-11 04:27:00,2023-04-17 18:20:00,Granite City
1FTEX1CM8BF607105,Winnipeg,363,28,Null,Dull,2023-04-04 12:52:00,2023-02-08 13:13:00,Amsted
1FTEX1CM9BK707639,Kansas City,738,32,Drag,Sharp,2023-09-03 16:16:00,2023-05-08 10:32:00,Amsted
1FTEX1CV3AF419812,Winnipeg,55,42,Cope,Dull,2023-10-04 13:16:00,2022-12-14 17:24:00,Granite City
1FTEX1CW7AF574548,Keokuk,858,42,Drag,Sharp,2023-05-11 22:42:00,2023-10-29 02:42:00,Amsted
1FTFW1E80AK413696,Winnipeg,956,32,Null,Sharp,2022-12-03 09:28:00,2023-05-08 02:48:00,Amsted
1FTFW1E89AF909914,Kansas City,742,32,Drag,Dull,2023-03-27 01:40:00,2023-01-24 07:31:00,Amsted
1FTKR1AD3AP161048,Winnipeg,754,28,Drag,Dull,2023-02-06 00:25:00,2023-05-23 13:30:00,Amsted
1FTKR1AD5BP704580,Keokuk,546,28,Null,Dull,2023-09-17 03:51:00,2023-07-18 10:50:00,Granite City
1FTMF1C86AK830184,Columbus,505,42,Cope,Dull,2023-09-05 06:28:00,2023-07-31 16:29:00,Granite City
1FTMF1CW0AF810892,Kansas City,499,42,Drag,Dull,2023-09-25 10:31:00,2023-07-08 12:01:00,Amsted
1FTMF1CW1AF885925,Keokuk,830,42,Cope,Sharp,2023-03-22 14:51:00,2023-03-15 18:31:00,Granite City
1FTMF1CW7AK086478,Keokuk,506,32,Cope,Sharp,2023-03-03 04:20:00,2023-08-03 00:03:00,Amsted
1FTMF1CW8AF010230,Winnipeg,994,28,Null,Dull,2023-01-14 10:22:00,2023-06-23 21:56:00,Amsted
1FTMF1EW4AK992228,Keokuk,51,32,Null,Dull,2023-06-03 08:58:00,2023-10-25 22:49:00,Granite City
1FTMF1EWXAF229977,Kansas City,673,42,Drag,Sharp,2023-03-27 10:50:00,2022-12-03 12:24:00,Amsted
1FTNS1EW5AD827082,Columbus,429,28,Cope,Dull,2023-07-15 09:11:00,2023-08-17 03:45:00,Amsted
1FTSF3A54AE513689,Kansas City,888,28,Cope,Sharp,2023-07-16 10:00:00,2022-12-25 09:14:00,Amsted
1FTSW2A53AE600302,Winnipeg,849,42,Drag,Sharp,2023-07-27 07:43:00,2023-01-16 15:03:00,Granite City
1FTSW2B54AE880732,Keokuk,405,42,Cope,Dull,2023-03-21 05:50:00,2022-12-03 12:17:00,Amsted
1FTSX2A53AE641803,Kansas City,593,28,Null,Sharp,2023-05-07 14:11:00,2023-10-21 05:53:00,Amsted
1FTSX2B56AE039167,Keokuk,372,32,Drag,Sharp,2023-11-07 22:03:00,2023-10-01 10:44:00,Granite City
1FTWW3A51AE534260,Winnipeg,935,28,Null,Sharp,2023-04-01 19:05:00,2023-08-12 15:04:00,Granite City
1FTWW3A53AE401192,Keokuk,634,32,Drag,Dull,2023-01-11 02:51:00,2023-07-25 06:41:00,Granite City
1FTWW3A54AE502094,Columbus,354,32,Drag,Sharp,2022-12-15 23:01:00,2022-12-22 17:39:00,Amsted
1FTWW3CY3AE627532,Kansas City,276,42,Cope,Sharp,2023-03-19 18:40:00,2023-09-02 11:11:00,Granite City
1FTWW3DY9AE909429,Keokuk,668,32,Cope,Sharp,2023-02-10 18:02:00,2023-11-26 12:47:00,Granite City
1FTWX3A59AE929302,Columbus,556,42,Drag,Sharp,2023-04-16 01:33:00,2023-05-10 20:29:00,Granite City
1FTWX3B56AE493166,Kansas City,164,28,Cope,Sharp,2023-06-16 15:57:00,2023-01-25 21:02:00,Amsted
1FTWX3D5XAE405264,Keokuk,557,32,Cope,Dull,2023-08-08 21:40:00,2023-03-09 03:49:00,Granite City
1G4CU541514521156,Winnipeg,914,28,Drag,Sharp,2023-02-10 22:13:00,2023-05-15 10:12:00,Granite City
1G4GB5GG0AF013673,Columbus,938,28,Null,Sharp,2022-12-13 02:03:00,2023-09-24 17:18:00,Granite City
1G4GB5GR2CF068131,Columbus,430,42,Null,Sharp,2023-10-27 14:53:00,2023-10-21 18:50:00,Granite City
1G4GD5ED8BF200129,Winnipeg,856,42,Null,Sharp,2023-03-07 08:47:00,2023-05-30 03:49:00,Amsted
1G4GD5G30FF596325,Winnipeg,163,42,Null,Sharp,2023-02-17 11:04:00,2023-04-17 07:10:00,Amsted
1G4GE5G36EF085486,Kansas City,542,32,Null,Sharp,2023-09-13 06:00:00,2023-07-01 11:03:00,Amsted
1G4GE5GD0BF841317,Winnipeg,181,32,Cope,Dull,2023-04-07 10:44:00,2023-11-14 10:21:00,Granite City
1G4GF5G38CF553180,Keokuk,14,32,Cope,Dull,2023-01-09 01:52:00,2023-03-19 06:00:00,Granite City
1G4GG5E30DF140994,Winnipeg,365,28,Null,Dull,2023-08-19 09:13:00,2023-01-26 02:31:00,Granite City
1G4GJ5E30CF896406,Keokuk,565,32,Drag,Sharp,2023-02-18 23:45:00,2023-05-17 07:03:00,Granite City
1G4HP54K23U284148,Kansas City,661,32,Null,Dull,2023-03-16 12:02:00,2023-11-22 22:59:00,Granite City
1G4HP54K454937551,Winnipeg,331,42,Cope,Sharp,2023-10-14 04:16:00,2022-11-30 19:24:00,Amsted
1G4HP54K75U416100,Winnipeg,598,28,Null,Dull,2023-03-25 07:49:00,2023-05-10 14:22:00,Granite City
1G4HP54K834389390,Columbus,190,32,Drag,Sharp,2022-11-29 17:31:00,2023-02-16 03:42:00,Amsted
1G4HP57M09U304743,Kansas City,136,42,Drag,Sharp,2023-03-04 22:17:00,2023-04-05 23:34:00,Granite City
1G4HR54K424675911,Winnipeg,712,32,Null,Dull,2022-12-21 15:47:00,2023-01-25 03:20:00,Amsted
1G4HR57Y96U624300,Winnipeg,789,32,Null,Sharp,2023-06-25 12:32:00,2023-10-01 13:33:00,Granite City
1G6AA5RAXE0798804,Kansas City,185,42,Drag,Sharp,2023-03-02 00:26:00,2022-12-20 13:44:00,Amsted
1G6AB5S38D0417846,Kansas City,678,42,Drag,Sharp,2023-11-08 08:38:00,2022-11-27 15:07:00,Granite City
1G6AB5SA6F0668737,Columbus,157,28,Drag,Dull,2023-07-10 07:12:00,2023-07-10 17:41:00,Amsted
1G6AC5S37F0770157,Columbus,270,42,Null,Sharp,2023-10-30 12:29:00,2023-10-05 04:07:00,Granite City
1G6AC5SX8F0258815,Kansas City,885,42,Null,Sharp,2023-04-10 22:32:00,2023-03-27 20:59:00,Amsted
1G6AD5SX6D0266633,Kansas City,497,32,Cope,Dull,2023-04-08 19:11:00,2023-11-12 18:28:00,Amsted
1G6AH1RX5F0674868,Columbus,343,28,Cope,Dull,2023-02-20 15:15:00,2023-05-06 09:49:00,Granite City
1G6AH5S35F0357025,Keokuk,934,42,Null,Dull,2023-09-26 07:44:00,2023-08-08 14:25:00,Granite City
1G6AJ5SX2D0665547,Winnipeg,294,28,Drag,Sharp,2023-08-11 23:56:00,2023-01-14 11:41:00,Amsted
1G6AL5SX6D0032852,Kansas City,943,42,Cope,Dull,2023-05-23 06:48:00,2023-03-17 04:29:00,Amsted
1G6AT5SX6E0064511,Keokuk,770,32,Drag,Dull,2023-08-08 12:59:00,2023-11-18 11:20:00,Amsted
1G6AV5S83F0044916,Kansas City,874,32,Drag,Dull,2023-01-06 16:20:00,2023-10-04 16:49:00,Amsted
1G6AW5SX0E0240346,Columbus,646,32,Cope,Dull,2023-08-21 15:06:00,2023-02-07 22:42:00,Granite City
1G6DA1E31C0351045,Winnipeg,275,32,Cope,Sharp,2023-08-26 19:45:00,2023-06-05 02:30:00,Granite City
1G6DA1E39D0076722,Columbus,154,42,Null,Dull,2023-09-29 07:24:00,2023-10-24 06:13:00,Amsted
1G6DC8E50C0705027,Kansas City,762,32,Drag,Dull,2023-09-27 15:45:00,2023-09-09 12:58:00,Granite City
1G6DE5EY9B0811087,Columbus,752,42,Null,Sharp,2023-11-07 18:29:00,2023-04-10 12:03:00,Granite City
1G6DF5E52C0944441,Columbus,495,32,Null,Sharp,2022-12-10 20:27:00,2023-08-10 01:35:00,Granite City
1G6DF8E52E0774716,Columbus,207,28,Cope,Sharp,2023-07-27 20:00:00,2023-05-08 15:28:00,Amsted
1G6DF8E53E0712564,Kansas City,346,28,Drag,Dull,2023-05-21 20:00:00,2023-02-22 18:35:00,Amsted
1G6DH577590727449,Keokuk,408,32,Drag,Sharp,2023-01-05 20:41:00,2023-09-15 20:17:00,Amsted
1G6DH5EG8A0428626,Keokuk,501,28,Cope,Sharp,2023-05-28 13:11:00,2023-08-05 12:58:00,Granite City
1G6DH8EG0A0327033,Winnipeg,105,32,Null,Dull,2023-11-11 06:40:00,2023-04-21 07:14:00,Granite City
1G6DK67VX80036812,Keokuk,531,28,Null,Sharp,2022-12-30 16:09:00,2023-03-28 17:41:00,Amsted
1G6DL67A880693652,Keokuk,684,28,Cope,Sharp,2023-07-09 16:32:00,2023-11-26 13:02:00,Granite City
1G6DM1E32D0659396,Kansas City,107,28,Drag,Dull,2023-09-17 09:19:00,2023-05-21 04:29:00,Granite City
1G6DN57U160737261,Winnipeg,986,32,Drag,Dull,2022-11-28 19:08:00,2023-07-17 20:32:00,Amsted
1G6DP1E39D0792079,Kansas City,651,42,Drag,Sharp,2023-11-07 03:03:00,2023-05-04 13:02:00,Granite City
1G6DP5ED9B0257816,Columbus,942,28,Cope,Dull,2023-09-08 14:06:00,2023-02-04 09:30:00,Granite City
1G6DS1E38C0104747,Keokuk,718,42,Drag,Sharp,2023-10-11 05:07:00,2023-11-06 19:16:00,Amsted
1G6DS1ED9B0077775,Winnipeg,977,28,Cope,Dull,2023-06-06 08:32:00,2022-12-25 04:46:00,Granite City
1G6DS57V480431403,Keokuk,916,42,Cope,Sharp,2023-10-06 16:45:00,2022-12-11 23:04:00,Amsted
1G6DS8ED4B0507527,Kansas City,631,28,Null,Sharp,2023-11-04 09:25:00,2023-09-26 08:08:00,Granite City
1G6DS8EV5A0788549,Columbus,512,28,Drag,Sharp,2023-06-11 23:50:00,2023-05-23 04:30:00,Amsted
1G6DV1EP1E0397873,Kansas City,489,42,Cope,Sharp,2023-11-05 04:43:00,2023-03-22 18:48:00,Amsted
1G6DV1EP9E0714492,Columbus,141,28,Drag,Sharp,2023-05-01 04:19:00,2023-03-06 09:44:00,Granite City
1G6DV1EP9F0412198,Keokuk,187,28,Drag,Sharp,2023-09-11 03:24:00,2023-05-20 16:19:00,Amsted
1G6DV5EP8D0942179,Winnipeg,395,32,Cope,Sharp,2023-01-15 09:10:00,2023-06-28 17:50:00,Amsted
1G6DV8EP0B0925147,Winnipeg,296,42,Null,Sharp,2023-03-03 17:11:00,2023-06-15 09:26:00,Amsted
1G6DW677470480806,Winnipeg,978,42,Cope,Sharp,2023-11-10 04:57:00,2023-01-06 17:29:00,Amsted
1G6DW6ED1B0855083,Winnipeg,845,28,Null,Dull,2023-09-19 01:56:00,2023-03-11 21:55:00,Granite City
1G6DZ67A290250834,Keokuk,584,28,Drag,Dull,2023-07-17 09:26:00,2023-03-21 01:23:00,Granite City
1G6KD54Y73U097398,Keokuk,925,28,Cope,Sharp,2023-03-31 12:01:00,2023-05-08 19:04:00,Granite City
1G6KD57Y08U363055,Kansas City,730,42,Null,Dull,2023-11-04 09:27:00,2023-05-17 01:33:00,Granite City
1G6KD57Y87U482163,Kansas City,359,32,Drag,Sharp,2023-03-24 23:08:00,2023-07-05 21:32:00,Granite City
1G6KE54Y14U479148,Keokuk,170,42,Null,Dull,2023-07-13 14:52:00,2023-06-30 19:14:00,Amsted
1G6KF57982U684562,Keokuk,87,28,Null,Dull,2023-09-10 13:42:00,2023-07-30 03:21:00,Granite City
1G6KP5E90AU045364,Kansas City,30,42,Cope,Dull,2023-11-02 18:28:00,2023-05-04 21:26:00,Amsted
1G6KP5E92AU470830,Keokuk,628,32,Null,Dull,2023-04-28 18:33:00,2023-02-25 22:01:00,Amsted
1G6KP5ES7BU077295,Kansas City,853,42,Drag,Dull,2022-12-29 03:05:00,2022-12-22 18:46:00,Granite City
1G6YV36AX75731833,Winnipeg,232,28,Drag,Sharp,2023-09-09 22:25:00,2023-01-08 20:49:00,Granite City
1GD010CG9BF427002,Columbus,915,32,Drag,Dull,2023-07-05 17:00:00,2022-12-26 19:18:00,Amsted
1GD01ZEG0BF877168,Columbus,902,42,Null,Sharp,2023-03-09 22:50:00,2023-02-25 02:24:00,Amsted
1GD020CG1DZ996733,Kansas City,703,28,Null,Sharp,2022-12-10 17:56:00,2023-09-14 02:43:00,Amsted
1GD22XEG2FZ187274,Kansas City,729,28,Cope,Dull,2022-12-27 17:41:00,2023-11-13 12:12:00,Granite City
1GD312CG4DF877927,Keokuk,957,28,Cope,Sharp,2023-05-02 01:08:00,2023-02-22 18:17:00,Granite City
1GD312CGXCF150869,Columbus,445,28,Null,Dull,2023-05-07 17:27:00,2023-09-21 08:36:00,Amsted
1GKS1AE03DR221389,Columbus,214,42,Drag,Dull,2023-04-28 11:16:00,2023-02-11 15:30:00,Amsted
1GKS1AE0XBR729162,Keokuk,904,32,Drag,Sharp,2023-05-24 17:30:00,2023-08-08 22:50:00,Amsted
1GKS1AECXFR343034,Kansas City,539,28,Cope,Dull,2023-10-02 22:55:00,2023-03-21 03:11:00,Amsted
1GKS1EEF2CR993814,Kansas City,146,28,Cope,Sharp,2023-04-06 08:12:00,2023-03-08 02:21:00,Amsted
1GT020CG8EF786184,Columbus,224,42,Cope,Dull,2023-10-15 11:35:00,2023-09-04 12:00:00,Amsted
1GT02ZCG0EF697777,Kansas City,152,42,Cope,Dull,2023-06-18 08:41:00,2023-03-28 21:43:00,Granite City
1GT02ZCGXEF569739,Keokuk,949,28,Drag,Dull,2023-03-19 03:19:00,2023-08-23 15:27:00,Granite City
1GTN1TEXXBZ812611,Winnipeg,980,32,Drag,Sharp,2023-09-04 05:01:00,2023-07-31 05:42:00,Amsted
1GTN1UEH0FZ821306,Columbus,449,28,Drag,Dull,2023-09-06 14:00:00,2023-10-31 08:16:00,Amsted
1GTPCTEX3AZ918335,Columbus,526,42,Drag,Sharp,2023-08-25 20:26:00,2023-11-09 04:33:00,Amsted
1GYEE437390170660,Kansas City,379,32,Null,Sharp,2023-04-28 11:10:00,2022-12-11 17:43:00,Granite City
1GYEK63N05R641494,Columbus,508,28,Cope,Dull,2023-10-25 06:32:00,2023-08-21 12:39:00,Granite City
1GYFC26289R320272,Keokuk,765,32,Drag,Sharp,2023-11-15 11:21:00,2023-09-27 15:52:00,Granite City
1GYFK16269R507166,Kansas City,687,28,Drag,Sharp,2022-11-30 21:31:00,2023-11-22 20:30:00,Granite City
1GYFK23239R853900,Winnipeg,11,42,Cope,Sharp,2023-10-23 01:53:00,2022-12-26 22:11:00,Amsted
1GYFK26269R253822,Kansas City,86,28,Cope,Dull,2023-04-10 17:03:00,2023-09-19 02:01:00,Amsted
1GYFK53219R510763,Keokuk,513,28,Drag,Sharp,2023-07-25 23:32:00,2023-07-10 03:37:00,Granite City
1GYS3CEF3CR407657,Kansas City,243,28,Null,Sharp,2023-02-07 04:54:00,2023-05-23 00:27:00,Amsted
1GYS3DEF0ER788926,Kansas City,22,42,Drag,Dull,2023-01-31 01:48:00,2023-06-18 02:45:00,Amsted
1GYS3EEJ7DR350610,Keokuk,402,32,Cope,Sharp,2023-07-06 06:31:00,2023-02-10 18:21:00,Granite City
1GYS4EEJ2CR871536,Winnipeg,197,32,Drag,Sharp,2023-07-22 00:18:00,2023-08-12 12:18:00,Amsted
1GYS4EEJ3DR221759,Winnipeg,348,28,Drag,Dull,2023-07-12 17:13:00,2023-01-28 10:47:00,Amsted
1GYS4GKJ1FR412082,Winnipeg,332,42,Drag,Dull,2023-08-28 21:10:00,2023-10-27 20:52:00,Amsted
1GYS4HKJ9FR769130,Columbus,388,32,Null,Sharp,2023-06-17 06:33:00,2023-05-12 19:02:00,Amsted
1GYS4JEF3BR861570,Winnipeg,124,32,Null,Dull,2023-04-03 05:02:00,2023-07-02 13:10:00,Amsted
1GYS4KEF9DR565137,Columbus,6,28,Drag,Dull,2023-01-22 14:35:00,2023-09-11 05:18:00,Amsted
1GYS4PKJ3FR202437,Winnipeg,746,42,Null,Dull,2023-01-12 02:47:00,2023-01-14 05:06:00,Granite City
1GYS4UKJ1FR476430,Kansas City,234,42,Null,Dull,2023-01-28 18:29:00,2023-07-02 07:41:00,Amsted
1GYUKEEJ7AR644645,Winnipeg,674,32,Cope,Sharp,2023-03-15 03:04:00,2023-03-02 08:20:00,Amsted
1GYUKFEJ7AR608332,Winnipeg,182,42,Drag,Sharp,2023-05-03 03:41:00,2023-04-24 15:12:00,Amsted
1HGCP2E77CA312388,Columbus,587,32,Drag,Sharp,2022-12-21 09:16:00,2023-07-04 06:59:00,Amsted
1LNHL9DK6EG225835,Columbus,747,32,Drag,Sharp,2023-03-21 19:25:00,2023-11-09 16:59:00,Granite City
1LNHL9DK9FG072529,Columbus,844,32,Null,Dull,2023-08-26 21:43:00,2023-03-27 01:38:00,Granite City
1N4AA5AP1AC983349,Kansas City,474,32,Drag,Dull,2023-01-09 17:48:00,2023-02-13 21:14:00,Amsted
1N4AB7AP0EN264581,Columbus,887,28,Null,Dull,2023-01-14 00:54:00,2023-01-14 23:22:00,Granite City
1N4AB7AP8DN486963,Keokuk,908,32,Drag,Dull,2023-03-24 14:46:00,2023-02-27 11:45:00,Granite City
1N4AL3AP2EC601821,Winnipeg,375,42,Cope,Dull,2023-05-28 22:46:00,2023-09-13 14:13:00,Amsted
1N6AA0CA0AN555361,Kansas City,600,28,Null,Sharp,2023-02-16 22:08:00,2023-11-02 16:14:00,Granite City
1N6AA0CC3BN142241,Columbus,4,42,Null,Dull,2023-06-01 18:34:00,2023-03-02 02:20:00,Granite City
1N6AA0CC8CN128823,Kansas City,835,42,Cope,Dull,2023-07-06 13:05:00,2023-02-05 13:10:00,Amsted
1N6AA0CCXAN492805,Winnipeg,111,32,Drag,Dull,2023-05-16 20:11:00,2023-08-04 11:08:00,Granite City
1N6AA0CH0DN769493,Kansas City,450,28,Null,Sharp,2023-08-01 15:36:00,2023-10-25 16:00:00,Granite City
1N6AA0ECXFN657286,Keokuk,862,28,Drag,Dull,2023-03-05 06:04:00,2023-08-16 14:28:00,Amsted
1N6AA0ED3FN669952,Kansas City,58,42,Null,Dull,2023-09-09 03:16:00,2023-04-23 11:28:00,Granite City
1N6AD0CU1FN897006,Winnipeg,936,28,Drag,Dull,2023-08-11 23:58:00,2023-02-24 12:14:00,Granite City
1N6AD0CU6DN218991,Keokuk,866,28,Drag,Sharp,2023-07-11 23:17:00,2023-08-30 00:14:00,Granite City
1N6AD0CUXCN154744,Kansas City,716,32,Cope,Dull,2023-03-26 17:17:00,2022-12-12 13:58:00,Amsted
1N6AD0CW1EN343982,Kansas City,755,42,Drag,Sharp,2023-06-27 22:39:00,2023-08-20 10:52:00,Granite City
1N6AD0CW2EN400125,Kansas City,951,42,Null,Sharp,2023-06-22 05:32:00,2023-07-21 04:59:00,Amsted
1N6AD0CWXEN441943,Kansas City,426,42,Drag,Sharp,2022-12-11 20:17:00,2023-02-19 11:12:00,Amsted
1N6AF0KY0FN138362,Keokuk,945,28,Drag,Dull,2023-01-12 08:09:00,2023-09-04 07:36:00,Granite City
1N6AF0KY8FN127237,Winnipeg,618,42,Null,Sharp,2023-07-30 16:17:00,2023-10-14 04:03:00,Amsted
1N6AF0LY7FN323037,Keokuk,38,28,Null,Dull,2023-01-10 21:03:00,2022-12-01 17:17:00,Granite City
1N6BF0KM9FN318330,Kansas City,299,28,Drag,Dull,2023-06-11 14:19:00,2023-03-11 22:15:00,Amsted
1NXBE4EE2AZ633501,Winnipeg,277,28,Drag,Dull,2023-03-16 16:33:00,2023-01-05 05:34:00,Amsted
1YVHZ8BH5C5768360,Kansas City,301,28,Null,Dull,2023-05-22 19:00:00,2023-06-13 15:35:00,Amsted
1YVHZ8BH5D5338796,Columbus,665,32,Null,Sharp,2023-01-29 17:46:00,2023-10-10 13:18:00,Amsted
1ZVBP8AM8D5835029,Keokuk,259,28,Cope,Dull,2023-11-18 15:28:00,2023-07-08 01:46:00,Granite City
2B3CA5CTXAH694403,Winnipeg,79,32,Drag,Dull,2023-03-31 11:17:00,2023-06-24 09:49:00,Amsted
2C3CA3CV4AH840934,Keokuk,989,32,Cope,Sharp,2023-08-16 17:54:00,2023-07-16 07:34:00,Amsted
2C3CA4CD3AH790637,Columbus,5,42,Cope,Sharp,2023-03-23 07:11:00,2023-10-02 15:10:00,Amsted
2C3CCAEG1FH147355,Winnipeg,84,42,Null,Dull,2023-06-22 06:40:00,2023-01-04 05:53:00,Amsted
2C3CCAGG4EH879121,Winnipeg,670,42,Cope,Dull,2023-05-30 15:22:00,2023-06-15 20:07:00,Amsted
2C3CCAGG5DH285488,Columbus,608,28,Drag,Dull,2023-04-23 05:14:00,2023-03-07 08:11:00,Granite City
2C3CCAGG6CH763657,Winnipeg,485,28,Cope,Dull,2023-10-15 10:07:00,2023-11-16 08:51:00,Granite City
2C3CDXBG6FH120429,Keokuk,336,42,Cope,Sharp,2023-08-24 03:16:00,2022-12-20 09:45:00,Granite City
2C3CDXCT0CH548794,Columbus,848,28,Drag,Dull,2023-01-08 05:32:00,2023-01-19 15:31:00,Amsted
2C3CDXCT3CH935632,Kansas City,49,42,Null,Dull,2023-04-03 12:17:00,2023-03-23 12:24:00,Amsted
2C3CDXCT7DH631771,Columbus,257,32,Drag,Dull,2023-09-12 08:16:00,2023-04-04 00:35:00,Granite City
2C3CDXDT9CH584109,Winnipeg,465,42,Drag,Sharp,2023-03-21 11:55:00,2023-04-06 18:47:00,Granite City
2C3CDXJG2EH483701,Kansas City,81,28,Drag,Sharp,2023-03-24 14:50:00,2023-03-30 01:00:00,Granite City
2C3CDYBT6DH861325,Keokuk,461,28,Cope,Dull,2023-09-27 00:20:00,2023-11-01 04:04:00,Amsted
2C3CDZAT8FH087413,Kansas City,278,32,Drag,Dull,2023-02-23 03:47:00,2023-09-11 13:34:00,Amsted
2C4RDGCG6FR772160,Winnipeg,836,28,Drag,Dull,2023-10-23 19:34:00,2023-05-14 04:20:00,Granite City
2C4RDGDG0CR504912,Kansas City,805,42,Drag,Sharp,2023-10-28 08:24:00,2023-02-10 14:45:00,Granite City
2C4RDGEG6DR430377,Columbus,723,42,Null,Dull,2023-07-17 13:44:00,2023-02-02 05:18:00,Amsted
2C4RDGEG7ER238774,Winnipeg,384,28,Null,Sharp,2022-12-26 13:21:00,2023-01-26 09:02:00,Amsted
2D4RN5DG8BR729100,Columbus,707,28,Null,Sharp,2023-07-04 17:06:00,2023-02-17 23:46:00,Granite City
2FMDK4ACXAB264573,Winnipeg,583,32,Drag,Dull,2023-04-01 21:53:00,2023-09-07 14:05:00,Amsted
2FMGK5C82FB005711,Columbus,326,28,Null,Sharp,2023-05-13 21:29:00,2023-11-20 00:39:00,Granite City
2G4G15GV2B9724593,Winnipeg,939,42,Drag,Sharp,2023-08-17 22:12:00,2023-05-31 11:31:00,Granite City
2G4GK5EX2F9845924,Keokuk,483,28,Cope,Dull,2023-11-26 06:40:00,2023-08-28 09:59:00,Granite City
2G4GK5EX9F9491576,Kansas City,116,42,Drag,Sharp,2023-10-05 04:35:00,2023-06-27 19:57:00,Amsted
2G4GS5EV1C9081963,Columbus,47,42,Drag,Dull,2023-10-10 01:29:00,2023-11-22 09:19:00,Amsted
2G4GS5GX8E9574220,Keokuk,431,28,Drag,Sharp,2022-12-10 15:04:00,2022-12-19 09:51:00,Granite City
2G4GW5EV6B9830534,Winnipeg,772,42,Null,Dull,2023-08-04 08:06:00,2022-12-13 22:01:00,Granite City
2G4WB52K041802733,Winnipeg,852,32,Drag,Dull,2023-02-13 09:28:00,2023-02-08 02:34:00,Granite City
2G4WB52K931672076,Columbus,702,42,Cope,Dull,2023-03-12 07:59:00,2023-08-25 02:51:00,Amsted
2G4WB55K411077192,Keokuk,518,42,Null,Sharp,2023-06-09 14:19:00,2023-08-24 06:35:00,Granite City
2G4WD552X71578753,Columbus,686,32,Cope,Dull,2023-10-31 08:41:00,2022-12-15 17:02:00,Granite City
2G4WS52J811288925,Winnipeg,776,42,Null,Dull,2023-05-14 12:13:00,2023-07-09 06:00:00,Amsted
2G61L5S38F9004282,Winnipeg,533,42,Drag,Dull,2023-02-17 18:08:00,2023-10-06 05:09:00,Granite City
2G61M5S30F9010946,Kansas City,209,42,Drag,Dull,2023-08-23 15:08:00,2023-09-22 05:09:00,Granite City
2G61R5S34F9157840,Winnipeg,974,42,Null,Sharp,2023-10-06 08:41:00,2023-06-14 12:53:00,Amsted
2GKALMEK8F6399158,Kansas City,640,32,Null,Sharp,2022-12-19 12:18:00,2023-02-08 13:49:00,Granite City
2HNYB1H23AH647069,Keokuk,414,42,Null,Sharp,2022-12-08 01:44:00,2023-09-29 08:41:00,Granite City
2HNYD18262H054804,Kansas City,387,32,Null,Dull,2023-08-31 13:33:00,2023-08-08 20:07:00,Amsted
2HNYD18691H150623,Winnipeg,311,42,Null,Sharp,2022-11-28 05:41:00,2023-05-09 12:57:00,Granite City
2LMDJ6JK1FB361651,Kansas City,900,32,Cope,Dull,2023-04-24 05:10:00,2023-11-26 04:15:00,Granite City
2LMDJ6JK2FB024471,Kansas City,641,42,Null,Sharp,2023-09-14 10:03:00,2023-08-24 17:27:00,Amsted
2LMDJ6JK6FB452690,Winnipeg,446,32,Null,Sharp,2023-03-21 13:08:00,2023-08-04 01:42:00,Amsted
2T1BPRHE0FC508444,Winnipeg,235,32,Null,Sharp,2023-08-12 21:44:00,2022-12-24 07:46:00,Amsted
2T1BPRHE1EC180675,Columbus,143,28,Drag,Dull,2023-09-29 05:15:00,2023-05-27 07:04:00,Granite City
2T1BU4EE1BC095962,Kansas City,464,42,Null,Sharp,2023-10-08 07:41:00,2023-10-18 03:12:00,Amsted
2T1BU4EE1CC888776,Winnipeg,946,32,Cope,Sharp,2023-03-05 12:18:00,2023-02-16 07:04:00,Granite City
2T1BU4EE1DC087704,Kansas City,928,42,Drag,Sharp,2023-02-10 17:02:00,2023-04-16 06:41:00,Amsted
2T1BURHE1FC139442,Columbus,786,32,Cope,Dull,2023-02-07 06:17:00,2023-10-04 09:05:00,Amsted
2T1BURHE2FC280505,Keokuk,984,42,Null,Sharp,2023-01-06 22:42:00,2023-07-25 05:40:00,Amsted
2T1BURHE2FC582599,Columbus,52,32,Null,Sharp,2023-03-20 22:28:00,2023-06-19 19:12:00,Granite City
2T1KE4EE8CC443187,Keokuk,647,42,Drag,Sharp,2023-07-04 10:56:00,2023-09-27 09:54:00,Granite City
2T1KE4EEXBC853617,Keokuk,23,28,Cope,Sharp,2023-03-13 06:30:00,2023-11-21 03:36:00,Granite City
2T1KU4EE9CC646429,Columbus,357,28,Cope,Dull,2023-09-20 09:38:00,2023-03-15 12:33:00,Amsted
2T2BK1BA0DC734935,Columbus,180,32,Cope,Dull,2023-07-06 22:15:00,2022-12-16 07:27:00,Granite City
2T3BF4DV6BW011801,Winnipeg,748,32,Null,Dull,2023-11-07 20:17:00,2023-06-04 14:08:00,Amsted
2T3BF4DVXCW878202,Kansas City,477,28,Cope,Sharp,2023-06-30 03:52:00,2023-03-11 12:09:00,Granite City
2V4RW3DG5BR709519,Keokuk,726,32,Null,Sharp,2023-01-22 03:36:00,2023-10-23 00:39:00,Amsted
3C3CFFAR0FT343046,Columbus,37,28,Null,Sharp,2023-10-26 00:10:00,2023-09-25 21:09:00,Granite City
3C3CFFAR2FT711873,Kansas City,815,32,Null,Dull,2023-09-18 05:55:00,2023-04-18 08:25:00,Amsted
3C3CFFAR6FT689943,Columbus,699,28,Cope,Sharp,2023-02-13 12:11:00,2023-10-20 00:32:00,Granite City
3C3CFFBR2DT889519,Winnipeg,54,42,Drag,Dull,2023-08-30 18:46:00,2023-09-17 00:43:00,Granite City
3C4PDCAB9CT464920,Keokuk,728,28,Null,Dull,2023-07-25 03:25:00,2023-11-15 13:15:00,Amsted
3C4PDCDG4DT879197,Kansas City,261,32,Drag,Dull,2023-10-13 04:17:00,2023-07-29 22:59:00,Granite City
3C4PDCEG9ET422658,Winnipeg,551,32,Cope,Sharp,2023-07-20 08:15:00,2023-03-13 01:58:00,Amsted
3C4PDDAG7ET698591,Winnipeg,76,28,Null,Dull,2022-12-01 09:07:00,2023-11-05 17:57:00,Granite City
3C63D2JL9CG157474,Kansas City,794,28,Null,Dull,2023-11-18 20:39:00,2023-03-03 23:16:00,Granite City
3C63D3EL6CG527604,Columbus,612,28,Drag,Sharp,2023-05-13 20:37:00,2023-06-14 18:34:00,Granite City
3C63D3GL9CG194232,Winnipeg,9,28,Cope,Sharp,2023-07-22 03:34:00,2022-12-07 07:45:00,Amsted
3C63D3JL1CG420482,Columbus,833,28,Drag,Dull,2022-12-04 20:42:00,2023-05-22 02:02:00,Amsted
3C63D3ML3CG126674,Keokuk,220,32,Cope,Sharp,2023-09-02 16:40:00,2023-07-22 13:59:00,Amsted
3C63DPML5CG264059,Columbus,991,32,Null,Dull,2023-11-26 14:34:00,2023-09-09 05:13:00,Granite City
3C6JD6BP5CG162512,Kansas City,279,42,Cope,Dull,2023-06-06 11:31:00,2023-09-03 11:45:00,Granite City
3C6TD4CT0CG336544,Keokuk,389,42,Null,Sharp,2023-07-24 08:43:00,2023-06-16 08:43:00,Amsted
3C6TD5LT3CG179873,Winnipeg,807,32,Null,Dull,2023-07-31 00:02:00,2023-01-26 03:36:00,Amsted
3C6TD5NT5CG744850,Kansas City,206,32,Cope,Dull,2023-03-17 00:46:00,2023-09-28 17:05:00,Amsted
3D4PG4FB3BT718080,Winnipeg,293,42,Cope,Sharp,2023-01-30 06:26:00,2023-02-11 13:07:00,Granite City
3D4PG5FV9AT451509,Keokuk,121,32,Drag,Sharp,2023-01-24 02:46:00,2023-06-27 18:46:00,Granite City
3D73M3CL8AG665322,Kansas City,380,32,Cope,Dull,2023-03-29 20:10:00,2022-12-08 15:39:00,Amsted
3D73M3HL3BG762857,Columbus,750,42,Cope,Sharp,2023-01-12 02:19:00,2023-02-16 09:26:00,Amsted
3D73M4CLXAG294492,Winnipeg,168,42,Cope,Sharp,2023-01-23 03:07:00,2023-09-12 11:40:00,Granite City
3D73Y3CL0BG583977,Kansas City,817,28,Drag,Dull,2022-12-03 07:03:00,2023-02-04 11:20:00,Amsted
3D73Y3HL2BG589272,Kansas City,638,32,Cope,Dull,2023-08-21 14:20:00,2023-03-21 00:57:00,Amsted
3D73Y3HL4BG575485,Columbus,571,28,Null,Dull,2023-09-26 06:25:00,2022-12-16 22:03:00,Granite City
3D73Y4HL4BG708512,Keokuk,417,42,Cope,Sharp,2023-07-25 18:29:00,2023-11-17 19:12:00,Granite City
3D7JB1EP6BG496159,Winnipeg,272,28,Null,Sharp,2023-05-12 01:15:00,2023-03-27 07:30:00,Amsted
3D7JV1EP9AG516801,Kansas City,292,42,Cope,Sharp,2023-10-01 05:01:00,2023-11-15 10:32:00,Granite City
3D7LT2ET0BG605210,Columbus,635,42,Drag,Dull,2023-07-06 22:01:00,2023-03-09 16:35:00,Amsted
3D7TP2CT9AG525359,Kansas City,795,42,Null,Sharp,2023-04-10 02:31:00,2023-07-20 23:31:00,Amsted
3D7TT2CT3BG358395,Kansas City,82,28,Null,Dull,2023-05-31 17:49:00,2023-04-22 09:35:00,Granite City
3D7TT2HT3BG678616,Winnipeg,201,28,Cope,Sharp,2023-03-15 18:05:00,2023-11-21 02:36:00,Granite City
3FA6P0SU5DR984487,Keokuk,188,32,Cope,Dull,2023-09-18 17:09:00,2023-03-22 14:31:00,Granite City
3FA6P0SUXDR904715,Keokuk,236,28,Drag,Sharp,2023-01-10 10:29:00,2023-05-24 19:03:00,Granite City
3FADP0L39AR520577,Winnipeg,339,32,Drag,Dull,2022-12-30 21:54:00,2023-06-13 14:14:00,Granite City
3FADP4AJ3DM620202,Winnipeg,162,42,Null,Sharp,2023-01-23 02:05:00,2023-09-12 14:40:00,Amsted
3FADP4AJ6EM397297,Columbus,283,28,Null,Sharp,2023-03-20 12:18:00,2023-10-10 01:45:00,Amsted
3FAHP0CG7BR951392,Kansas City,973,42,Null,Sharp,2023-03-22 15:11:00,2023-07-02 17:01:00,Amsted
3G5DA03L47S481983,Winnipeg,335,28,Null,Sharp,2023-10-19 20:00:00,2022-11-29 14:39:00,Granite City
3G5DA03L57S262921,Keokuk,411,42,Cope,Sharp,2023-03-03 11:00:00,2022-12-10 18:39:00,Amsted
3G5DA03L86S201237,Kansas City,399,42,Cope,Dull,2023-07-29 00:37:00,2023-03-21 21:12:00,Granite City
3GYEK62N15G148294,Kansas City,318,42,Cope,Sharp,2023-08-22 00:56:00,2023-01-20 20:27:00,Amsted
3GYFK66N04G719819,Winnipeg,840,28,Null,Sharp,2023-08-02 04:26:00,2023-02-05 17:34:00,Granite City
3GYFK66N45G137000,Keokuk,321,28,Null,Sharp,2023-03-11 07:23:00,2023-10-24 23:15:00,Granite City
3GYFK66N76G599293,Kansas City,120,32,Null,Sharp,2023-05-17 01:02:00,2023-06-24 03:40:00,Granite City
3GYFK66NX3G460271,Kansas City,93,32,Drag,Sharp,2023-09-03 06:24:00,2023-11-14 13:10:00,Amsted
3GYFNCE30ES728556,Keokuk,979,42,Cope,Dull,2022-12-26 02:47:00,2023-11-06 12:54:00,Amsted
3GYFNDE32ES212852,Winnipeg,115,32,Null,Sharp,2023-08-21 16:00:00,2023-04-07 22:21:00,Amsted
3GYFNDEY7AS362302,Columbus,492,32,Cope,Dull,2023-04-27 03:56:00,2023-10-06 03:51:00,Granite City
3GYFNDEY7AS420800,Kansas City,886,32,Cope,Dull,2023-10-24 05:28:00,2023-05-07 17:19:00,Amsted
3GYFNFE30FS102377,Keokuk,715,42,Drag,Dull,2023-11-17 19:34:00,2023-05-03 19:28:00,Amsted
3GYFNFE38CS069799,Keokuk,843,28,Null,Sharp,2023-06-06 08:56:00,2023-02-02 07:35:00,Granite City
3GYFNGEY9BS979459,Kansas City,92,32,Null,Sharp,2023-08-10 16:02:00,2022-12-11 12:12:00,Amsted
3GYFNKE43AS856481,Keokuk,403,42,Null,Sharp,2023-04-20 23:22:00,2022-12-15 07:59:00,Amsted
3GYFNKE64BS566284,Kansas City,260,42,Drag,Sharp,2023-06-12 15:38:00,2022-12-15 00:50:00,Granite City
3GYT4LEF5CG772049,Keokuk,510,28,Drag,Sharp,2023-01-12 11:39:00,2023-11-17 09:15:00,Granite City
3LNHL2GC4AR936741,Columbus,522,42,Null,Sharp,2023-05-08 17:52:00,2023-10-11 18:45:00,Granite City
3N1AB6AP2AL108902,Kansas City,575,42,Null,Dull,2022-12-04 04:50:00,2023-01-31 21:04:00,Amsted
3N1AB6AP5CL530715,Columbus,392,28,Cope,Dull,2023-01-03 16:50:00,2022-12-30 20:00:00,Granite City
3N1AB6AP6AL568466,Kansas City,839,28,Null,Sharp,2023-07-26 20:02:00,2023-10-25 08:56:00,Granite City
3N1AB6AP8BL583777,Keokuk,692,42,Null,Sharp,2023-03-29 17:14:00,2023-07-15 22:15:00,Granite City
3N1AB7AP1FL428841,Winnipeg,12,28,Null,Dull,2023-06-25 12:57:00,2023-04-01 08:36:00,Granite City
3N1AB7APXFY418201,Kansas City,825,32,Null,Dull,2023-02-14 08:37:00,2023-09-27 07:25:00,Granite City
3N1BC1AP2BL811860,Columbus,242,32,Cope,Dull,2023-10-24 03:19:00,2023-03-29 09:53:00,Amsted
3N1BC1AP3BL281074,Winnipeg,424,32,Drag,Dull,2023-01-15 13:59:00,2023-04-03 23:06:00,Granite City
3N1BC1AP3BL913703,Winnipeg,643,32,Cope,Sharp,2023-06-18 18:48:00,2023-11-24 14:13:00,Amsted
3N1CN7AP1FL771018,Winnipeg,15,28,Drag,Sharp,2022-12-29 10:06:00,2023-03-13 09:22:00,Amsted
3N6CM0KN4DK867469,Kansas City,955,28,Drag,Sharp,2023-01-27 03:41:00,2023-09-23 13:57:00,Granite City
3TMJU4GN4CM419116,Keokuk,923,32,Drag,Dull,2023-04-18 23:23:00,2023-06-09 18:39:00,Amsted
3TMJU4GN8AM494690,Keokuk,253,28,Cope,Dull,2023-08-26 16:31:00,2023-11-09 12:10:00,Amsted
3VW1K7AJ0CM941901,Winnipeg,953,42,Null,Sharp,2023-04-03 01:22:00,2023-01-25 02:12:00,Granite City
3VW1K7AJ9CM255937,Keokuk,812,42,Drag,Dull,2023-07-18 21:24:00,2023-02-06 19:12:00,Amsted
3VW1K7AJ9EM843422,Kansas City,981,32,Null,Sharp,2023-06-16 14:23:00,2023-08-11 09:52:00,Granite City
3VW4A7AT0DM751728,Kansas City,297,28,Drag,Dull,2023-06-12 09:39:00,2023-10-14 04:03:00,Amsted
3VW4A7ATXCM870093,Columbus,609,32,Null,Sharp,2023-06-26 09:21:00,2023-03-26 01:57:00,Granite City
3VW507AT9EM790875,Winnipeg,929,32,Null,Dull,2023-04-06 01:23:00,2023-05-02 15:25:00,Granite City
3VW507AT9FM168438,Keokuk,347,28,Cope,Sharp,2023-07-19 05:01:00,2023-05-02 02:25:00,Amsted
3VW507AT9FM801522,Winnipeg,171,28,Cope,Sharp,2022-12-15 18:51:00,2023-11-11 08:48:00,Amsted
3VW517AT0EM996857,Columbus,821,42,Null,Sharp,2023-03-13 06:12:00,2023-09-09 17:41:00,Amsted
3VW517AT3EM571200,Winnipeg,31,28,Null,Sharp,2023-01-24 01:25:00,2023-11-10 15:27:00,Granite City
3VW517AT3FM267401,Columbus,463,32,Null,Sharp,2023-03-27 11:57:00,2023-08-28 13:36:00,Granite City
3VW8S7AT8FM282129,Kansas City,39,28,Cope,Sharp,2023-04-30 08:03:00,2023-05-02 01:00:00,Granite City
3VWC17AU7FM320617,Keokuk,468,42,Null,Sharp,2023-02-10 00:16:00,2022-12-21 23:11:00,Amsted
3VWF17AT2FM505534,Keokuk,385,28,Cope,Sharp,2023-09-23 05:26:00,2023-07-23 11:56:00,Granite City
3VWF17AT8FM275613,Columbus,117,32,Drag,Dull,2023-10-08 07:09:00,2023-09-03 05:43:00,Granite City
3VWKX7AJ3AM236108,Keokuk,351,32,Cope,Dull,2023-05-10 17:44:00,2023-11-01 15:02:00,Amsted
3VWKX7AJ9BM918525,Columbus,479,32,Cope,Dull,2023-05-18 05:02:00,2023-01-21 02:44:00,Granite City
3VWKZ7AJ4BM970946,Winnipeg,875,28,Null,Dull,2023-08-20 07:46:00,2023-11-10 17:52:00,Amsted
3VWML7AJ6DM637564,Keokuk,179,42,Null,Dull,2023-10-18 22:58:00,2023-08-10 19:19:00,Amsted
3VWPG3AGXAM391421,Keokuk,736,28,Drag,Sharp,2023-05-23 10:12:00,2023-06-11 16:02:00,Granite City
4A31K2DF9AE988518,Columbus,333,42,Null,Dull,2023-03-15 03:52:00,2023-09-26 23:42:00,Amsted
4A31K3DT9AE401648,Winnipeg,732,28,Null,Sharp,2023-02-04 12:55:00,2023-04-07 12:36:00,Granite City
4F2CY0C75BK682797,Winnipeg,13,28,Null,Sharp,2023-11-02 10:36:00,2023-01-25 06:38:00,Granite City
4F2CY0C7XAK893024,Kansas City,498,28,Null,Sharp,2023-01-21 21:12:00,2023-01-23 05:33:00,Amsted
4T1BB3EK3BU380392,Kansas City,675,32,Cope,Dull,2023-03-31 13:13:00,2023-04-14 16:30:00,Amsted
4T1BD1EB2EU665782,Keokuk,451,32,Drag,Sharp,2023-08-06 01:32:00,2023-02-14 18:31:00,Granite City
4T1BD1FK2DU134188,Winnipeg,993,28,Cope,Dull,2023-06-22 04:50:00,2023-04-07 16:25:00,Amsted
4T1BD1FK3EU394360,Columbus,8,28,Null,Dull,2023-05-13 15:13:00,2023-03-19 09:20:00,Granite City
4T1BF1FK3FU332002,Kansas City,104,28,Null,Sharp,2023-10-28 09:24:00,2023-02-01 22:17:00,Granite City
4T1BF1FKXCU096041,Columbus,32,42,Cope,Sharp,2023-09-26 17:06:00,2023-05-24 13:45:00,Granite City
4T1BF3EK0BU752193,Keokuk,778,42,Null,Sharp,2023-03-25 16:06:00,2023-05-27 18:53:00,Amsted
4T1BF3EK5AU524723,Winnipeg,282,42,Null,Dull,2023-10-26 13:33:00,2022-12-05 17:33:00,Granite City
4T1BF3EK6AU349057,Columbus,300,42,Null,Sharp,2023-10-15 16:55:00,2023-05-18 02:09:00,Amsted
4T1BK3DB6BU077169,Kansas City,217,42,Cope,Dull,2023-05-09 17:34:00,2023-03-10 13:19:00,Granite City
4USBU53527L893129,Keokuk,538,42,Cope,Sharp,2023-03-02 15:57:00,2023-01-26 09:12:00,Granite City
4USDU53547L419126,Columbus,708,28,Cope,Sharp,2023-06-03 19:55:00,2023-05-30 08:41:00,Amsted
5BZBF0AA4EN856751,Kansas City,200,32,Null,Dull,2023-08-08 02:01:00,2023-01-27 01:14:00,Granite City
5BZBF0AA9FN782227,Columbus,785,28,Drag,Dull,2023-05-03 17:46:00,2023-02-28 16:16:00,Amsted
5FNRL3H29AB063591,Keokuk,77,32,Drag,Dull,2023-01-03 11:18:00,2023-02-20 01:38:00,Granite City
5FNRL3H2XAB830266,Winnipeg,627,32,Drag,Dull,2023-04-24 00:02:00,2023-04-24 21:49:00,Amsted
5FNRL5H2XEB687711,Winnipeg,66,32,Null,Dull,2023-09-16 11:30:00,2023-05-31 14:50:00,Granite City
5FNYF3H2XAB230477,Columbus,996,28,Drag,Sharp,2023-04-03 16:24:00,2023-06-03 22:54:00,Amsted
5FNYF3H46FB011024,Winnipeg,690,28,Cope,Dull,2023-03-03 21:03:00,2023-08-19 11:30:00,Amsted
5FNYF3H48EB423055,Winnipeg,337,28,Null,Dull,2023-02-03 08:49:00,2023-01-12 13:45:00,Granite City
5FPYK1F23BB201771,Keokuk,50,32,Drag,Sharp,2023-08-05 00:36:00,2023-03-08 06:58:00,Granite City
5FRYD3H40FB464267,Keokuk,502,28,Null,Dull,2023-07-11 02:57:00,2022-12-12 00:18:00,Amsted
5FRYD3H43GB925916,Keokuk,574,32,Drag,Dull,2023-01-12 16:45:00,2023-10-02 15:04:00,Granite City
5FRYD3H48GB004047,Keokuk,246,32,Cope,Dull,2023-02-22 16:52:00,2023-08-18 07:14:00,Granite City
5FRYD3H93GB276677,Kansas City,999,42,Drag,Sharp,2023-06-05 14:53:00,2023-11-02 09:49:00,Amsted
5FRYD4H29EB483497,Winnipeg,448,28,Cope,Dull,2023-03-06 05:40:00,2023-09-02 17:26:00,Amsted
5FRYD4H42EB675054,Kansas City,407,32,Null,Sharp,2022-12-19 05:08:00,2023-10-14 17:36:00,Amsted
5FRYD4H63EB166625,Kansas City,972,28,Null,Dull,2023-08-13 09:04:00,2023-04-28 12:04:00,Granite City
5FRYD4H66GB684599,Columbus,478,32,Cope,Dull,2023-09-06 05:32:00,2022-12-10 14:32:00,Granite City
5GADS13S772922585,Keokuk,540,42,Null,Dull,2023-07-11 02:08:00,2023-01-14 20:02:00,Amsted
5GADV23147D470247,Kansas City,133,32,Cope,Sharp,2023-10-13 12:20:00,2022-12-05 03:30:00,Amsted
5GADV23L35D647854,Keokuk,63,28,Drag,Dull,2023-03-24 00:38:00,2023-01-11 13:58:00,Granite City
5GADX23L46D952615,Keokuk,828,32,Null,Sharp,2022-12-18 21:53:00,2023-05-22 17:16:00,Amsted
5GADX33LX6D378933,Columbus,470,32,Drag,Dull,2023-11-21 10:02:00,2022-12-21 07:16:00,Granite City
5GAER23778J172680,Kansas City,796,42,Drag,Sharp,2023-10-10 21:23:00,2023-07-06 17:22:00,Amsted
5GAKRAED9CJ798224,Columbus,91,28,Drag,Sharp,2023-09-22 00:24:00,2023-06-12 01:38:00,Amsted
5GAKRAKD6FJ955622,Columbus,222,32,Drag,Dull,2023-04-11 10:14:00,2023-02-19 13:00:00,Granite City
5GAKRBED5CJ691001,Keokuk,108,28,Null,Dull,2023-05-28 13:10:00,2023-06-20 16:03:00,Amsted
5GAKRBED6CJ567061,Keokuk,676,32,Cope,Sharp,2023-07-23 21:52:00,2023-04-24 02:24:00,Granite City
5GAKVBKD6FJ179056,Keokuk,967,28,Drag,Dull,2023-06-23 13:50:00,2023-11-12 10:20:00,Granite City
5GAKVDKD3DJ807549,Keokuk,97,42,Drag,Dull,2022-12-18 17:33:00,2023-04-13 09:03:00,Granite City
5J6TF1H31AL556778,Columbus,859,28,Null,Dull,2022-11-30 22:55:00,2023-10-01 01:28:00,Amsted
5J6TF1H3XEL805892,Winnipeg,349,28,Null,Dull,2023-04-30 12:03:00,2022-12-18 18:22:00,Granite City
5J6TF1H56DL533163,Kansas City,596,42,Cope,Sharp,2023-11-09 18:24:00,2022-12-16 16:53:00,Granite City
5J6TF2H56FL028989,Kansas City,245,32,Drag,Sharp,2023-01-01 00:55:00,2023-04-14 22:08:00,Granite City
5J6TF2H5XFL999221,Winnipeg,963,28,Null,Dull,2022-12-04 11:48:00,2023-06-24 00:58:00,Granite City
5J8TB2H28CA683235,Kansas City,816,28,Drag,Sharp,2023-01-16 18:46:00,2023-06-20 07:16:00,Amsted
5J8TB3H56DL481144,Kansas City,382,28,Null,Dull,2023-02-02 18:54:00,2023-05-19 04:02:00,Amsted
5J8TB3H72GL564592,Kansas City,975,42,Null,Dull,2023-08-20 12:44:00,2023-02-14 08:09:00,Amsted
5N1AA0NC2FN559495,Keokuk,802,32,Drag,Dull,2023-10-06 22:39:00,2023-04-01 06:59:00,Amsted
5N1AN0NU5AC152403,Kansas City,907,32,Null,Dull,2023-10-03 02:51:00,2023-05-11 02:12:00,Amsted
5N1AN0NU7AC130581,Columbus,442,28,Null,Sharp,2023-02-03 20:47:00,2022-12-20 12:58:00,Amsted
5N1AN0NW1EN196605,Columbus,48,42,Null,Sharp,2023-10-19 11:50:00,2023-09-03 00:58:00,Granite City
5N1AR1NB0AC224889,Columbus,436,28,Drag,Sharp,2022-12-08 14:22:00,2023-04-11 16:38:00,Granite City
5N1AR1NB3BC333915,Kansas City,530,28,Drag,Sharp,2023-05-23 19:58:00,2022-12-04 14:39:00,Amsted
5N1AT2MK1FC285894,Winnipeg,814,42,Cope,Sharp,2023-07-29 20:32:00,2023-11-25 01:01:00,Amsted
5N1AT2ML1EC396629,Winnipeg,398,32,Cope,Dull,2023-05-28 10:31:00,2023-01-31 00:26:00,Amsted
5N1AZ2MG2FN511116,Winnipeg,355,28,Drag,Sharp,2023-05-14 10:34:00,2023-03-16 10:06:00,Granite City
5N1AZ2MG8FN928787,Kansas City,456,32,Null,Dull,2023-06-17 20:36:00,2023-01-27 10:23:00,Granite City
5N1BA0NC1FN074849,Kansas City,303,28,Cope,Sharp,2023-04-02 16:53:00,2023-11-17 16:14:00,Granite City
5N1BA0NCXFN317218,Winnipeg,96,32,Null,Dull,2023-10-08 13:37:00,2023-03-08 03:25:00,Amsted
5N1CL0MM2EC340883,Winnipeg,334,42,Null,Sharp,2023-03-13 00:12:00,2023-07-08 15:45:00,Granite City
5NPDH4AE2CH699733,Kansas City,251,32,Cope,Sharp,2023-01-11 14:04:00,2023-01-14 04:13:00,Granite City
5NPE24AF4FH689062,Winnipeg,968,32,Drag,Dull,2023-11-03 18:47:00,2023-05-09 10:01:00,Granite City
5TDBCRFH2FS651976,Kansas City,289,28,Drag,Dull,2023-09-01 00:37:00,2022-12-30 11:59:00,Granite City
5TDBW5G14AS767934,Kansas City,567,28,Cope,Sharp,2023-06-08 12:37:00,2023-05-16 19:06:00,Granite City
5TDDK3DC5BS503461,Keokuk,569,28,Cope,Dull,2023-01-13 11:55:00,2023-06-16 03:35:00,Granite City
5TFAW5F19FX316061,Keokuk,471,32,Cope,Sharp,2023-03-27 08:26:00,2023-03-17 23:18:00,Granite City
5UXFE83537L542573,Winnipeg,657,42,Cope,Dull,2023-02-17 04:20:00,2023-11-04 01:32:00,Granite City
5UXFF03599L794605,Kansas City,284,42,Null,Dull,2023-02-16 08:13:00,2023-02-02 18:53:00,Granite City
5UXFF0C52AL270345,Columbus,100,28,Cope,Dull,2023-03-29 07:54:00,2023-08-20 18:51:00,Amsted
5UXFF0C55AL159322,Keokuk,743,28,Drag,Sharp,2023-05-14 02:17:00,2023-05-26 04:11:00,Granite City
5UXFG2C54DL195886,Kansas City,422,28,Cope,Dull,2023-09-28 10:20:00,2023-04-15 09:44:00,Granite City
5UXFG83508L364651,Keokuk,689,32,Null,Sharp,2023-04-10 00:54:00,2023-04-10 14:48:00,Amsted
5UXFG83538L216056,Winnipeg,528,42,Cope,Dull,2023-05-09 01:57:00,2022-12-02 00:01:00,Amsted
5UXFG83538L260834,Winnipeg,566,32,Drag,Dull,2022-11-30 00:35:00,2022-12-04 00:24:00,Granite City
5UXFG8C59BL238540,Columbus,507,42,Drag,Dull,2023-02-28 13:06:00,2022-12-02 05:59:00,Granite City
5UXFH0C55BL677510,Winnipeg,548,32,Drag,Sharp,2023-11-23 02:12:00,2023-07-30 02:29:00,Amsted
5UXFH0C5XAL446231,Columbus,788,32,Null,Sharp,2023-06-25 10:44:00,2023-09-08 22:08:00,Amsted
5UXKR6C55F0662625,Keokuk,273,42,Drag,Sharp,2023-05-21 01:32:00,2023-01-20 18:22:00,Amsted
5UXKU6C53F0474846,Kansas City,860,42,Null,Dull,2023-04-24 15:41:00,2023-07-29 11:14:00,Amsted
5UXWX7C50CL423183,Keokuk,681,28,Drag,Dull,2022-12-01 12:50:00,2023-05-15 06:40:00,Granite City
5UXWX7C50EL326391,Columbus,460,28,Cope,Dull,2023-01-19 19:30:00,2023-05-24 19:30:00,Granite City
5UXWX7C51EL854201,Keokuk,823,28,Null,Dull,2023-01-17 14:17:00,2023-09-29 07:36:00,Granite City
5UXWX7C56BL242233,Columbus,36,42,Cope,Dull,2022-12-04 12:42:00,2023-08-25 14:49:00,Granite City
5UXWX9C50E0921481,Keokuk,599,42,Cope,Dull,2023-06-22 13:45:00,2023-02-12 04:52:00,Amsted
5UXWZ7C57F0020589,Kansas City,78,28,Cope,Dull,2022-12-31 04:25:00,2023-06-13 02:19:00,Amsted
5UXXW3C51F0342098,Columbus,965,32,Cope,Dull,2023-03-20 01:09:00,2023-01-14 16:21:00,Amsted
5UXZV4C53BL823593,Keokuk,536,28,Null,Dull,2023-08-21 09:58:00,2023-08-29 19:38:00,Amsted
5UXZV4C5XCL367898,Keokuk,313,32,Drag,Sharp,2023-07-31 14:22:00,2023-09-04 09:51:00,Amsted
5XYKT3A12BG283099,Keokuk,191,32,Cope,Sharp,2023-05-14 09:28:00,2023-06-15 01:20:00,Amsted
5XYKT3A67EG756012,Winnipeg,653,32,Cope,Dull,2023-11-22 21:15:00,2023-03-19 11:08:00,Amsted
5YMGY0C59D0321868,Columbus,998,42,Cope,Dull,2023-11-26 23:03:00,2023-10-18 08:37:00,Amsted
5YMKW8C51F0695232,Columbus,882,42,Drag,Sharp,2023-02-22 12:18:00,2023-01-20 08:21:00,Granite City
JA32X8HWXCU295843,Columbus,68,42,Null,Dull,2023-02-05 21:32:00,2023-05-02 05:20:00,Granite City
JH4CL95836C122042,Keokuk,165,32,Drag,Sharp,2023-05-23 09:38:00,2023-05-30 04:29:00,Amsted
JH4CL96885C819817,Columbus,25,32,Null,Sharp,2023-09-26 12:23:00,2022-11-30 10:47:00,Granite City
JH4CL96954C911880,Winnipeg,769,28,Null,Sharp,2023-03-01 20:03:00,2022-12-01 20:12:00,Granite City
JH4CL96974C845087,Keokuk,842,28,Drag,Dull,2023-05-30 12:00:00,2023-02-26 11:35:00,Amsted
JH4CU2E87CC085352,Winnipeg,404,28,Null,Dull,2023-02-02 17:02:00,2023-09-28 04:00:00,Amsted
JH4CU2F41EC007227,Columbus,771,28,Cope,Sharp,2023-03-03 04:02:00,2023-07-21 02:53:00,Amsted
JH4CU2F62BC125493,Kansas City,667,42,Null,Sharp,2023-09-29 03:43:00,2023-08-02 11:26:00,Granite City
JH4CU2F84EC068512,Winnipeg,144,42,Cope,Sharp,2023-10-01 08:44:00,2023-04-07 16:53:00,Granite City
JH4CU4F69DC938859,Winnipeg,958,28,Cope,Sharp,2023-07-07 18:47:00,2023-09-11 18:18:00,Amsted
JH4CW2H60DC022762,Columbus,145,28,Cope,Dull,2022-12-15 16:51:00,2023-02-09 01:07:00,Amsted
JH4DB75611S125787,Kansas City,741,42,Drag,Sharp,2023-02-08 09:49:00,2023-04-18 01:45:00,Granite City
JH4DC530X4S191095,Winnipeg,621,32,Null,Dull,2023-07-09 03:13:00,2023-11-24 21:25:00,Granite City
JH4DC54824S980670,Keokuk,307,28,Null,Dull,2022-12-06 12:44:00,2023-04-06 16:12:00,Amsted
JH4DC54843S980653,Kansas City,607,32,Null,Dull,2023-03-30 15:13:00,2023-09-21 22:06:00,Granite City
JH4KA96662C900343,Winnipeg,713,28,Drag,Dull,2023-11-03 17:12:00,2023-07-07 03:47:00,Granite City
JH4KB16698C276383,Winnipeg,982,32,Drag,Sharp,2023-02-26 02:18:00,2023-10-27 13:37:00,Amsted
JH4KB2F64CC512534,Columbus,305,28,Null,Sharp,2023-06-10 08:59:00,2023-10-07 12:21:00,Amsted
JHMFA3F24BS793567,Winnipeg,290,32,Null,Sharp,2023-03-22 23:09:00,2023-02-27 02:44:00,Granite City
JHMFA3F25AS626410,Keokuk,905,32,Null,Dull,2023-03-28 14:36:00,2022-12-29 02:42:00,Granite City
JHMGE8G22AS126922,Kansas City,727,28,Drag,Dull,2023-04-06 07:37:00,2023-05-13 12:13:00,Granite City
JHMZE2H3XES726915,Keokuk,122,42,Cope,Dull,2023-07-09 21:09:00,2023-10-09 03:24:00,Amsted
JHMZE2H55DS493168,Keokuk,717,32,Null,Sharp,2023-08-26 15:48:00,2023-03-07 01:52:00,Amsted
JHMZF1D49FS876361,Winnipeg,535,28,Cope,Dull,2023-05-16 06:38:00,2022-12-13 22:30:00,Amsted
JM1BL1K54B1228238,Keokuk,724,32,Null,Dull,2023-04-11 09:09:00,2023-07-29 18:25:00,Granite City
JM1CR2W30A0114193,Kansas City,126,42,Cope,Sharp,2023-01-15 10:06:00,2023-03-07 10:44:00,Granite City
JM1DE1KY1C0300985,Winnipeg,368,32,Drag,Sharp,2023-07-18 00:55:00,2023-09-07 14:54:00,Amsted
JM1DE1KY9C0483259,Keokuk,266,32,Drag,Sharp,2023-04-01 21:30:00,2023-06-04 13:14:00,Granite City
JM1NC2JF0C0602980,Kansas City,444,42,Drag,Dull,2023-05-11 19:22:00,2023-07-09 06:48:00,Granite City
JM1NC2JF1B0286276,Kansas City,876,28,Drag,Sharp,2023-05-07 05:13:00,2023-08-12 00:10:00,Amsted
JM1NC2JF5E0291159,Columbus,901,28,Cope,Dull,2022-12-27 13:42:00,2023-08-04 21:44:00,Granite City
JM1NC2MF2E0946907,Winnipeg,918,28,Drag,Sharp,2023-03-17 02:37:00,2023-09-07 04:54:00,Granite City
JM1NC2PF6F0625482,Winnipeg,808,42,Drag,Sharp,2023-05-16 19:19:00,2023-04-11 10:22:00,Granite City
JM3ER2W33A0170791,Kansas City,287,32,Drag,Dull,2023-09-15 13:05:00,2023-08-10 04:45:00,Amsted
JM3KE2BE4D0577772,Columbus,892,32,Cope,Sharp,2023-09-26 05:06:00,2023-05-04 22:04:00,Granite City
JM3TB2BV4E0506313,Winnipeg,884,42,Null,Dull,2023-06-04 23:58:00,2023-08-24 00:54:00,Granite City
JM3TB2CA2E0012687,Winnipeg,997,32,Cope,Sharp,2023-08-23 12:55:00,2023-10-05 12:34:00,Granite City
JN1AY1AP6DM710195,Keokuk,784,42,Cope,Dull,2023-02-27 15:30:00,2023-05-04 02:57:00,Amsted
JN1AZ4EH6EM032244,Keokuk,581,32,Null,Sharp,2023-08-09 00:41:00,2023-01-07 17:31:00,Granite City
JN1BJ0HR1DM009414,Winnipeg,67,32,Null,Sharp,2023-01-21 05:49:00,2023-02-27 20:19:00,Granite City
JN1BJ0HR4DM616276,Columbus,342,42,Cope,Dull,2022-12-25 11:53:00,2023-09-01 10:10:00,Granite City
JN1BY0AP0AM278293,Keokuk,119,32,Cope,Sharp,2023-08-19 13:17:00,2023-06-05 10:56:00,Amsted
JN1BY1PR3FM359245,Winnipeg,401,28,Cope,Sharp,2022-12-07 13:15:00,2023-09-19 23:41:00,Granite City
JN1CV6AP4BM819492,Columbus,720,28,Null,Sharp,2023-02-10 12:11:00,2023-10-19 16:25:00,Amsted
JN1CV6AP9CM059853,Winnipeg,588,28,Cope,Dull,2023-08-16 16:38:00,2022-12-29 11:57:00,Granite City
JN1CV6EK5EM933925,Winnipeg,655,28,Drag,Dull,2023-09-21 11:31:00,2023-01-31 03:37:00,Amsted
JN1CV6EK8DM182561,Winnipeg,851,28,Drag,Dull,2023-08-17 22:18:00,2023-07-17 23:35:00,Amsted
JN1CV6EK9EM092708,Columbus,496,32,Cope,Dull,2023-01-21 22:12:00,2023-06-12 12:25:00,Amsted
JN1CV6EL3FM710230,Winnipeg,614,42,Cope,Sharp,2023-07-13 17:06:00,2023-03-08 12:35:00,Granite City
JN1CV6FE0FM310710,Winnipeg,519,42,Null,Sharp,2023-08-25 19:30:00,2023-11-18 19:22:00,Granite City
JN1CV6FE1BM230262,Kansas City,725,32,Null,Sharp,2023-09-21 22:05:00,2023-08-18 15:07:00,Amsted
JN8AE2KP8F9267956,Winnipeg,824,42,Drag,Dull,2023-09-01 18:20:00,2023-02-08 04:13:00,Granite City
JN8AE2KP9C9722731,Kansas City,17,42,Drag,Sharp,2023-07-26 16:55:00,2023-05-27 00:44:00,Granite City
JN8AF5MR0DT331324,Columbus,633,32,Drag,Sharp,2023-08-29 13:24:00,2023-04-09 15:22:00,Granite City
JN8AF5MR1BT227664,Kansas City,428,28,Cope,Sharp,2023-01-20 21:01:00,2023-08-12 05:34:00,Amsted
JN8AF5MR6ET384529,Keokuk,118,28,Drag,Dull,2023-11-04 14:50:00,2023-02-28 11:15:00,Granite City
JN8AF5MRXDT250721,Kansas City,511,32,Null,Sharp,2022-12-06 20:42:00,2023-06-25 11:05:00,Granite City
JN8AZ1FY3EW123555,Columbus,416,32,Null,Dull,2022-12-26 03:32:00,2023-06-06 16:53:00,Granite City
JN8AZ1MU1DW868013,Winnipeg,601,28,Cope,Dull,2023-10-13 23:32:00,2023-09-06 14:52:00,Amsted
JN8AZ1MU1DW915010,Kansas City,594,42,Cope,Sharp,2023-08-16 20:55:00,2022-12-21 14:15:00,Granite City
JN8AZ1MU3EW484963,Columbus,969,42,Cope,Sharp,2023-08-05 11:33:00,2023-05-18 11:16:00,Amsted
JN8AZ2KR4AT177026,Keokuk,138,32,Null,Sharp,2023-06-05 07:00:00,2023-01-11 17:42:00,Amsted
JN8AZ2KR6BT214580,Columbus,109,28,Null,Sharp,2023-11-01 00:13:00,2023-03-02 21:37:00,Granite City
JN8AZ2KR6DT987679,Columbus,288,28,Null,Sharp,2023-02-06 03:53:00,2023-08-10 23:19:00,Granite City
JN8AZ2ND7F9546420,Keokuk,71,28,Drag,Dull,2023-07-21 02:21:00,2023-11-12 23:51:00,Granite City
JN8CS1MU0DM833374,Kansas City,1,28,Cope,Dull,2023-04-30 11:21:00,2023-06-07 18:42:00,Amsted
JTDJTUD39ED673036,Keokuk,132,28,Drag,Dull,2023-06-02 02:14:00,2023-09-28 12:39:00,Amsted
JTDKDTB34F1390044,Columbus,110,32,Null,Sharp,2023-04-17 21:32:00,2023-11-26 21:46:00,Granite City
JTDKN3DP1C3841833,Keokuk,432,32,Drag,Sharp,2023-06-17 14:16:00,2023-05-04 10:33:00,Granite City
JTDKN3DP1D3637499,Winnipeg,553,42,Null,Dull,2023-02-27 18:03:00,2023-03-01 16:09:00,Granite City
JTDKN3DU2F0227434,Winnipeg,140,32,Cope,Dull,2023-11-11 16:15:00,2023-10-30 12:59:00,Granite City
JTDKN3DU5B0640278,Winnipeg,550,28,Cope,Dull,2023-06-10 12:18:00,2023-08-04 08:16:00,Amsted
JTDKTUD35DD147831,Kansas City,421,28,Drag,Sharp,2023-02-15 05:50:00,2023-07-03 03:28:00,Granite City
JTDZN3EU5EJ244153,Columbus,663,42,Cope,Sharp,2023-07-08 19:30:00,2023-10-27 04:47:00,Amsted
JTDZN3EU5EJ282739,Winnipeg,482,42,Null,Sharp,2023-04-18 02:48:00,2023-02-16 10:02:00,Granite City
JTDZN3EU5FJ958883,Keokuk,896,28,Drag,Sharp,2023-06-18 04:14:00,2023-09-11 00:34:00,Amsted
JTEBC3EH8C2314659,Winnipeg,926,28,Drag,Sharp,2023-09-21 13:14:00,2023-10-10 10:55:00,Granite City
JTEBU4BF1CK721471,Columbus,487,42,Drag,Dull,2023-05-10 14:09:00,2023-05-13 06:59:00,Granite City
JTEBU4BF1EK265457,Winnipeg,57,28,Cope,Dull,2023-06-26 10:28:00,2023-09-08 18:12:00,Amsted
JTEBU4BF9AK817247,Winnipeg,262,28,Null,Dull,2023-01-02 03:13:00,2022-12-31 19:39:00,Granite City
JTEBU5JR2F5110157,Kansas City,438,32,Drag,Dull,2023-06-13 01:34:00,2022-11-29 04:44:00,Amsted
JTEBU5JRXF5955824,Keokuk,310,42,Null,Dull,2022-12-22 21:57:00,2023-05-09 09:48:00,Amsted
JTHBB1BA3B2855196,Columbus,811,28,Drag,Dull,2022-12-08 18:10:00,2022-12-09 07:33:00,Amsted
JTHBE1BL9FA622296,Keokuk,150,28,Cope,Dull,2023-07-19 00:45:00,2023-01-27 18:22:00,Granite City
JTHBE1D29E5323404,Kansas City,731,32,Drag,Sharp,2023-08-12 09:11:00,2023-06-14 03:58:00,Granite City
JTHDU1EF7D5132866,Winnipeg,685,28,Cope,Sharp,2023-01-04 16:21:00,2023-01-12 01:19:00,Amsted
JTHFE2C23F2309672,Winnipeg,486,28,Drag,Dull,2023-11-19 23:33:00,2023-11-01 18:08:00,Amsted
JTHFF2C28D2197266,Keokuk,500,42,Cope,Dull,2023-09-10 21:58:00,2023-01-02 08:30:00,Amsted
JTHHE5BC5F5207664,Keokuk,324,42,Drag,Sharp,2023-05-28 06:37:00,2023-05-11 00:05:00,Granite City
JTHHP5BC7F5245648,Kansas City,280,28,Null,Dull,2023-06-11 19:37:00,2022-12-18 09:21:00,Amsted
JTHKD5BH9B2767705,Kansas City,879,32,Cope,Dull,2023-11-11 12:30:00,2022-12-28 01:42:00,Amsted
JTHSE5BCXF5003206,Columbus,230,42,Cope,Sharp,2023-10-18 02:39:00,2023-01-25 20:26:00,Amsted
JTJBC1BA2D2132812,Kansas City,761,42,Null,Sharp,2023-01-16 05:19:00,2023-03-31 08:27:00,Granite City
JTJBC1BA3D2161378,Columbus,123,42,Drag,Dull,2023-05-01 02:32:00,2023-10-22 15:58:00,Amsted
JTJBM7FX7F5473106,Winnipeg,16,42,Drag,Sharp,2023-01-26 14:48:00,2023-08-14 00:10:00,Granite City
JTJBM7FX8C5305700,Columbus,64,28,Cope,Dull,2023-09-15 08:06:00,2023-02-24 08:41:00,Granite City
JTJHY7AX6A4542453,Keokuk,484,28,Cope,Dull,2023-03-15 06:51:00,2023-02-26 17:19:00,Amsted
KL4CJDSB4DB286715,Winnipeg,899,28,Cope,Dull,2023-04-12 18:17:00,2023-01-24 07:04:00,Granite City
KL4CJHSB9FB602118,Keokuk,867,28,Cope,Sharp,2023-04-06 10:02:00,2023-11-13 12:49:00,Granite City
KMHCT4AE7EU721286,Keokuk,228,32,Cope,Sharp,2023-09-25 04:41:00,2023-08-01 20:48:00,Amsted
KMHD35LH0FU272570,Columbus,184,28,Drag,Sharp,2023-11-24 20:36:00,2023-01-21 05:48:00,Amsted
KMHDB8AE1CU782452,Columbus,793,32,Drag,Sharp,2023-03-08 09:10:00,2023-01-13 20:42:00,Granite City
KMHEC4A41FA916142,Keokuk,225,42,Cope,Dull,2023-03-01 06:11:00,2023-08-03 06:36:00,Amsted
KMHEC4A4XFA943162,Winnipeg,527,42,Cope,Dull,2023-04-03 00:10:00,2023-11-04 23:08:00,Amsted
KMHFG4JG3EA901949,Columbus,503,28,Drag,Sharp,2023-04-20 14:29:00,2023-05-01 18:04:00,Granite City
KMHFG4JG8FA462040,Columbus,829,28,Null,Sharp,2023-10-30 13:02:00,2023-08-27 02:30:00,Amsted
KMHGC4DD9EU788492,Columbus,40,42,Null,Dull,2023-10-24 18:48:00,2023-10-27 20:00:00,Amsted
KMHGH4JH6DU593750,Kansas City,373,28,Cope,Dull,2022-12-09 13:07:00,2023-05-18 13:33:00,Granite City
KMHGN4JE4FU553927,Columbus,766,42,Drag,Dull,2023-05-13 15:41:00,2023-07-11 02:51:00,Granite City
KMHHT6KD0EU957463,Columbus,775,42,Cope,Sharp,2023-07-13 11:20:00,2023-07-03 23:26:00,Granite City
KMHHT6KD5CU157920,Columbus,898,32,Null,Sharp,2023-07-16 13:10:00,2023-01-03 09:06:00,Amsted
KMHHT6KD8DU465844,Columbus,694,28,Cope,Dull,2023-05-08 19:58:00,2023-11-10 16:42:00,Amsted
KMHHT6KDXAU093290,Columbus,753,42,Cope,Sharp,2023-07-07 09:19:00,2023-10-15 22:32:00,Amsted
KMHHT6KDXAU899162,Columbus,302,28,Null,Sharp,2023-02-05 23:26:00,2023-10-28 21:35:00,Granite City
KMHHT6KDXCU299941,Keokuk,440,28,Drag,Sharp,2023-02-01 06:43:00,2023-03-14 14:01:00,Amsted
KMHHT6KJ8FU763142,Winnipeg,954,32,Cope,Dull,2023-02-13 00:34:00,2023-05-20 21:49:00,Amsted
KMHHU6KJ4FU876244,Winnipeg,873,32,Cope,Dull,2023-05-09 15:36:00,2023-02-09 18:11:00,Granite City
KMHTC6AD0EU008359,Kansas City,813,32,Null,Sharp,2023-03-12 14:24:00,2023-10-29 02:55:00,Amsted
KMHTC6AD1EU272531,Winnipeg,396,32,Null,Dull,2023-04-08 15:51:00,2023-03-02 04:58:00,Amsted
KMHTC6AD3EU492415,Keokuk,868,32,Drag,Sharp,2023-06-26 11:47:00,2023-11-05 12:40:00,Granite City
KMHTC6AD8CU454241,Columbus,169,28,Null,Dull,2022-12-17 02:50:00,2023-06-23 08:59:00,Amsted
KMHTC6ADXEU576599,Kansas City,970,32,Cope,Sharp,2023-06-12 12:03:00,2023-10-08 07:48:00,Granite City
KNADH4A35A6654322,Winnipeg,265,32,Drag,Sharp,2023-11-22 03:14:00,2023-01-04 00:30:00,Granite City
KNADH4A35B6083741,Kansas City,759,32,Cope,Sharp,2023-06-23 13:18:00,2023-02-06 15:10:00,Amsted
KNADH5A30B6928159,Kansas City,920,28,Drag,Dull,2022-12-10 16:32:00,2023-01-20 08:49:00,Granite City
KNADH5A36B6620509,Columbus,69,42,Null,Sharp,2023-07-18 10:29:00,2023-09-10 02:16:00,Granite City
KNAFK4A62F5705728,Keokuk,677,42,Drag,Dull,2023-10-28 01:02:00,2023-03-03 05:07:00,Granite City
KNAGM4AD2D5608765,Winnipeg,911,32,Cope,Dull,2023-09-18 14:26:00,2022-11-27 10:58:00,Granite City
KNDJN2A26F7750309,Winnipeg,244,42,Cope,Dull,2022-12-29 15:21:00,2023-09-02 12:38:00,Amsted
KNDJN2A26F7862978,Winnipeg,582,42,Drag,Sharp,2023-09-14 18:39:00,2023-08-10 07:52:00,Granite City
KNDJT2A23D7678469,Columbus,559,28,Null,Sharp,2023-10-02 04:32:00,2023-05-22 06:52:00,Amsted
KNDPB3A23B7834655,Keokuk,948,28,Null,Sharp,2023-03-08 20:08:00,2023-02-05 10:24:00,Granite City
KNDPB3A28B7298687,Keokuk,922,28,Null,Sharp,2023-06-25 22:55:00,2023-01-02 09:49:00,Granite City
ML32A3HJ9EH799602,Winnipeg,701,32,Cope,Sharp,2023-07-20 17:56:00,2023-09-23 17:42:00,Amsted
SAJWA0F73F8411626,Winnipeg,18,32,Cope,Sharp,2023-05-17 00:45:00,2023-02-18 19:17:00,Amsted
SAJWA1CB3CL455052,Kansas City,764,28,Null,Sharp,2023-03-23 00:25:00,2023-07-31 16:22:00,Amsted
SAJWA1CB9CL251985,Columbus,406,28,Null,Dull,2023-08-14 12:13:00,2023-02-22 11:38:00,Amsted
SAJWA4DC5BM339370,Columbus,910,42,Null,Dull,2023-08-14 19:00:00,2023-01-24 23:16:00,Amsted
SAJWA4DC8CM896985,Winnipeg,409,42,Drag,Sharp,2023-10-28 09:47:00,2023-03-19 07:08:00,Amsted
SAJWA4GB7FL697777,Keokuk,990,42,Cope,Dull,2023-04-09 02:49:00,2023-05-01 03:37:00,Granite City
SAJWA4GC2EM753268,Kansas City,889,42,Cope,Dull,2023-06-28 02:35:00,2023-02-13 01:25:00,Amsted
SAJWA4HA9EM019417,Columbus,458,28,Null,Sharp,2023-05-30 02:51:00,2023-08-06 04:49:00,Granite City
SALAB2D44AA515370,Winnipeg,106,42,Null,Dull,2023-05-27 23:13:00,2022-12-05 07:53:00,Granite City
SALAB2D47CA314680,Winnipeg,623,32,Cope,Dull,2023-11-14 14:58:00,2023-08-16 10:11:00,Amsted
SALAB2V63EA786720,Columbus,504,32,Cope,Dull,2023-02-06 08:14:00,2023-05-17 11:48:00,Granite City
SALAC2D41AA163801,Winnipeg,682,42,Cope,Sharp,2023-08-15 00:31:00,2023-07-15 11:13:00,Granite City
SALAG2D4XDA356862,Columbus,315,28,Drag,Sharp,2023-01-24 16:06:00,2023-10-17 08:27:00,Amsted
SALAG2V62FA204996,Columbus,961,42,Null,Sharp,2023-02-22 19:08:00,2023-10-12 07:34:00,Amsted
SALAG2V66FA119353,Columbus,960,32,Cope,Dull,2023-09-13 15:49:00,2023-03-05 05:17:00,Granite City
SALFR2BN0AH637938,Kansas City,940,32,Null,Sharp,2022-12-17 13:50:00,2023-02-26 23:13:00,Amsted
SALGS2EF7EA309234,Winnipeg,869,28,Null,Sharp,2023-03-12 08:32:00,2023-10-03 03:42:00,Granite City
SALME1D48AA524541,Winnipeg,711,42,Drag,Sharp,2023-05-17 20:27:00,2023-11-07 21:56:00,Amsted
SALSF2D44DA563609,Keokuk,491,28,Drag,Sharp,2023-03-10 22:38:00,2023-01-17 01:09:00,Amsted
SALSF2D45DA898183,Winnipeg,777,32,Cope,Dull,2023-08-17 13:29:00,2023-06-15 02:43:00,Granite City
SALVP2BG8FH405064,Kansas City,361,28,Drag,Sharp,2023-08-25 18:49:00,2023-04-01 00:03:00,Amsted
SCBBB7ZH3EC776958,Winnipeg,60,42,Null,Dull,2023-07-16 03:07:00,2023-10-20 06:21:00,Amsted
SCBBB7ZH9CC660595,Columbus,577,42,Cope,Dull,2023-06-10 01:02:00,2023-05-13 09:38:00,Amsted
SCBBP93W09C538379,Winnipeg,642,28,Drag,Sharp,2023-07-22 03:43:00,2023-06-24 15:25:00,Amsted
SCBBP9ZA0CC391323,Kansas City,494,32,Drag,Dull,2023-01-19 12:29:00,2023-02-04 13:00:00,Granite City
SCBCP73W19C248628,Winnipeg,167,32,Null,Dull,2022-12-10 19:56:00,2023-04-25 18:35:00,Granite City
SCBCR73W48C268302,Columbus,72,42,Cope,Dull,2023-04-16 06:26:00,2022-12-16 19:40:00,Amsted
SCBDC3ZA1DC287782,Winnipeg,734,28,Null,Dull,2022-12-16 07:24:00,2023-02-04 10:10:00,Granite City
SCBDR3ZA9AC171532,Columbus,173,42,Null,Dull,2023-06-09 09:31:00,2023-03-08 12:06:00,Amsted
SCBFH7ZA5FC637290,Keokuk,931,32,Cope,Sharp,2023-01-24 13:32:00,2023-10-09 08:50:00,Amsted
SCBGR3ZA5DC958429,Kansas City,352,42,Drag,Sharp,2022-12-06 15:42:00,2023-04-04 01:17:00,Granite City
SCBGT3ZA9EC842914,Keokuk,383,32,Drag,Dull,2023-01-21 13:33:00,2022-12-18 06:34:00,Granite City
SCBGU3ZA4EC740546,Winnipeg,249,32,Drag,Dull,2023-05-01 03:46:00,2023-10-09 16:23:00,Amsted
SCBLC37F24C087861,Kansas City,204,42,Null,Dull,2023-07-28 22:22:00,2023-07-30 23:18:00,Granite City
SCBLC47J59C524866,Keokuk,271,32,Cope,Sharp,2023-05-28 09:50:00,2023-02-20 01:26:00,Amsted
SCBLE47K79C961593,Columbus,7,28,Cope,Dull,2023-09-13 03:03:00,2023-07-13 20:56:00,Granite City
SCBLF34FX2C583676,Kansas City,90,28,Drag,Dull,2023-05-26 03:58:00,2023-07-24 10:05:00,Amsted
SCBZB25E51C540755,Kansas City,125,42,Drag,Sharp,2023-01-30 17:42:00,2023-11-18 02:59:00,Amsted
SCBZK25E53C564198,Winnipeg,532,32,Cope,Sharp,2022-11-30 08:21:00,2023-10-18 07:58:00,Granite City
SCFAB01A17G368938,Kansas City,194,32,Null,Sharp,2022-12-19 19:42:00,2023-08-02 01:43:00,Amsted
SCFAB42303K648199,Keokuk,592,32,Cope,Sharp,2023-09-20 08:46:00,2023-01-19 01:36:00,Granite City
SCFAD02A37G635361,Columbus,912,42,Drag,Sharp,2023-05-03 00:15:00,2023-08-07 15:31:00,Granite City
SCFAD02A98G095399,Kansas City,779,32,Cope,Dull,2023-09-23 15:51:00,2022-12-14 19:43:00,Granite City
SCFAD22353K381558,Columbus,381,32,Cope,Dull,2023-08-31 21:41:00,2023-01-11 21:33:00,Amsted
SCFBF04B98G287586,Keokuk,649,32,Drag,Dull,2023-04-06 18:23:00,2023-09-29 22:18:00,Amsted
SCFEBBAK3BG694545,Winnipeg,735,42,Null,Dull,2023-09-28 11:01:00,2023-10-19 20:51:00,Amsted
SCFEBBAKXEG169633,Keokuk,622,42,Drag,Dull,2023-05-13 19:50:00,2022-12-27 02:08:00,Amsted
SCFEBBCF0BG319311,Kansas City,804,42,Null,Dull,2023-06-06 06:45:00,2023-06-17 12:20:00,Amsted
SCFEDCADXBG957955,Kansas City,719,42,Drag,Sharp,2023-01-14 07:34:00,2023-10-08 14:54:00,Granite City
SCFEFBAC7AG560441,Columbus,27,42,Null,Dull,2023-02-22 03:47:00,2023-09-15 15:52:00,Amsted
SCFFBCCD7AG131330,Winnipeg,205,32,Drag,Dull,2023-04-23 13:20:00,2023-04-07 14:22:00,Granite City
SCFFDAAE0AG404473,Keokuk,113,28,Cope,Dull,2023-10-08 11:42:00,2023-10-18 13:44:00,Granite City
SCFFDAAE0CG999912,Kansas City,345,28,Drag,Dull,2023-04-12 16:18:00,2022-12-31 13:50:00,Amsted
SCFFDABE7AG251279,Kansas City,543,32,Cope,Dull,2023-07-06 07:17:00,2023-07-01 07:23:00,Amsted
SCFFDCBD0CG760247,Kansas City,602,42,Null,Dull,2023-01-03 00:15:00,2023-11-26 01:20:00,Granite City
SCFFDCCD8CG801559,Winnipeg,564,28,Cope,Dull,2023-08-20 19:30:00,2023-10-28 22:18:00,Granite City
TRUSC28N331888792,Kansas City,322,42,Cope,Dull,2023-11-01 09:23:00,2023-07-21 09:41:00,Amsted
TRUSX28N021866297,Keokuk,358,28,Null,Dull,2023-09-11 13:02:00,2023-03-10 11:36:00,Amsted
TRUSX28NX21905333,Winnipeg,605,32,Drag,Sharp,2023-03-02 17:46:00,2023-02-18 11:37:00,Granite City
TRUUT28N461914605,Kansas City,142,32,Drag,Dull,2023-07-18 18:06:00,2023-10-19 20:34:00,Granite City
TRUWT28N931622520,Keokuk,709,32,Cope,Sharp,2023-01-16 22:30:00,2023-07-11 16:25:00,Amsted
TRUWX28N611503177,Keokuk,783,42,Null,Sharp,2023-07-28 21:08:00,2022-12-16 17:13:00,Amsted
W04GS5EC7B1717821,Columbus,376,42,Cope,Dull,2023-01-03 22:01:00,2023-10-11 01:56:00,Amsted
W04GS5EC8B1347866,Kansas City,415,32,Cope,Sharp,2023-11-09 20:07:00,2023-02-02 04:08:00,Granite City
WA19FAFL7DA342195,Columbus,186,42,Cope,Sharp,2023-04-29 00:47:00,2023-10-24 19:43:00,Amsted
WA1AV94L79D882072,Kansas City,149,42,Null,Sharp,2022-12-28 19:34:00,2023-04-15 12:08:00,Amsted
WA1BY94L27D489363,Winnipeg,897,32,Drag,Sharp,2022-12-25 23:31:00,2023-11-14 16:49:00,Granite City
WA1CFAFP2EA223741,Kansas City,304,32,Cope,Dull,2023-08-19 07:55:00,2023-11-13 18:43:00,Amsted
WA1DGAFP2DA478552,Winnipeg,909,32,Cope,Sharp,2023-05-30 01:25:00,2023-08-01 22:01:00,Granite City
WA1DGAFP3FA681243,Columbus,462,28,Cope,Sharp,2023-02-01 20:24:00,2023-05-04 20:02:00,Amsted
WA1DMAFP0FA129949,Kansas City,34,42,Null,Dull,2023-04-14 20:21:00,2023-01-23 10:41:00,Amsted
WA1EY94L58D572946,Keokuk,101,42,Cope,Dull,2023-07-27 08:39:00,2023-08-24 11:34:00,Granite City
WA1LFAFP8DA537232,Kansas City,466,32,Null,Dull,2023-11-21 20:21:00,2023-11-08 11:15:00,Granite City
WA1LFBFP5CA188535,Columbus,767,42,Cope,Sharp,2023-09-18 05:15:00,2023-03-20 01:14:00,Granite City
WA1LGAFE5ED570622,Keokuk,809,28,Drag,Sharp,2023-07-20 19:46:00,2023-07-11 10:56:00,Amsted
WA1LGAFE5ED880964,Winnipeg,947,28,Null,Sharp,2023-09-10 07:57:00,2023-06-21 05:19:00,Granite City
WA1LMBFE5CD540130,Keokuk,660,32,Cope,Dull,2023-02-16 14:40:00,2023-03-31 18:41:00,Amsted
WA1LYBFE7AD756420,Kansas City,854,32,Null,Dull,2023-04-09 14:42:00,2023-05-23 16:52:00,Granite City
WA1VFAFL6DA718481,Kansas City,529,28,Cope,Sharp,2023-03-06 01:21:00,2023-09-20 18:30:00,Granite City
WA1VFBFL9DA455294,Winnipeg,350,28,Null,Dull,2023-09-27 16:23:00,2023-03-05 14:21:00,Granite City
WA1VGAFP2FA833159,Keokuk,374,28,Drag,Sharp,2023-01-25 23:23:00,2022-12-05 13:04:00,Amsted
WA1VKBFP1AA475937,Winnipeg,378,42,Cope,Dull,2023-06-28 02:37:00,2023-11-11 19:32:00,Granite City
WA1VMAFE2ED226277,Winnipeg,773,28,Drag,Dull,2023-03-17 23:46:00,2023-03-07 03:56:00,Granite City
WA1VMAFP0FA343859,Keokuk,166,42,Null,Sharp,2023-07-12 04:25:00,2023-10-24 11:43:00,Amsted
WA1VMAFP9EA477431,Kansas City,356,42,Cope,Dull,2023-03-18 07:59:00,2023-08-31 06:07:00,Granite City
WA1YD54B15N723974,Kansas City,240,32,Drag,Sharp,2023-01-24 21:18:00,2023-02-10 02:37:00,Amsted
WA1YD64B04N787654,Columbus,820,32,Drag,Sharp,2023-10-24 19:45:00,2022-11-27 01:26:00,Amsted
WA1YD64B92N559522,Kansas City,98,42,Null,Sharp,2023-04-17 09:35:00,2023-07-08 23:49:00,Amsted
WAU2GAFC9CN147966,Keokuk,281,28,Drag,Sharp,2023-04-15 16:06:00,2023-07-10 08:17:00,Amsted
WAU4FAFR3BA851313,Kansas City,597,32,Cope,Dull,2023-06-13 22:57:00,2023-02-11 09:24:00,Amsted
WAU4GAFB4BN488416,Kansas City,850,32,Null,Sharp,2023-10-22 03:11:00,2023-02-12 12:45:00,Granite City
WAUAF68E95A189235,Columbus,258,28,Null,Sharp,2023-05-02 03:06:00,2023-06-30 15:41:00,Amsted
WAUAF78EX8A581182,Columbus,626,42,Cope,Dull,2023-06-16 14:33:00,2022-12-25 01:14:00,Amsted
WAUAFAFH7DN366386,Winnipeg,893,32,Null,Sharp,2023-01-08 18:52:00,2023-07-05 04:50:00,Amsted
WAUAFAFL9CN475354,Keokuk,722,28,Cope,Sharp,2023-04-06 13:01:00,2022-12-29 21:06:00,Amsted
WAUAGAFD0EN151539,Columbus,65,28,Null,Sharp,2023-02-08 03:13:00,2023-04-05 10:50:00,Amsted
WAUAH74F29N660154,Kansas City,192,28,Drag,Dull,2023-08-10 01:36:00,2023-09-23 01:34:00,Granite City
WAUAH94F86N581739,Columbus,846,42,Drag,Sharp,2023-07-11 18:31:00,2023-07-09 08:47:00,Amsted
WAUAKAFBXBN739893,Winnipeg,35,28,Null,Dull,2023-09-12 14:23:00,2023-03-10 17:42:00,Amsted
WAUBF78E96A169529,Kansas City,2,28,Drag,Dull,2023-11-14 09:28:00,2022-12-11 16:53:00,Amsted
WAUBF78K39N290530,Keokuk,439,32,Cope,Sharp,2023-01-20 14:56:00,2022-12-26 01:14:00,Amsted
WAUBF78K99N397985,Winnipeg,268,42,Cope,Dull,2023-07-21 02:12:00,2023-08-06 09:43:00,Granite City
WAUBF98E78A126872,Columbus,443,42,Null,Dull,2022-12-04 00:43:00,2023-01-16 17:12:00,Amsted
WAUBFAFL8AA573994,Kansas City,480,32,Drag,Sharp,2023-03-21 09:38:00,2023-07-27 11:13:00,Amsted
WAUBFAFL8CA534390,Keokuk,590,28,Cope,Sharp,2023-05-16 10:40:00,2023-04-29 01:17:00,Granite City
WAUBH78E26A164537,Winnipeg,691,28,Drag,Sharp,2023-05-29 00:59:00,2023-01-19 00:53:00,Granite City
WAUBNBFBXBN090758,Winnipeg,174,28,Null,Dull,2023-06-28 01:40:00,2023-05-10 03:25:00,Granite City
WAUBT48H75K132408,Kansas City,894,32,Null,Dull,2022-12-26 02:02:00,2023-09-13 18:40:00,Amsted
WAUCFAFH9BN190303,Keokuk,344,28,Cope,Dull,2023-03-10 00:59:00,2023-02-26 14:45:00,Amsted
WAUCFAFR8AA954527,Keokuk,871,32,Null,Dull,2023-06-27 11:23:00,2023-02-23 02:31:00,Amsted
WAUDF48H07K088898,Keokuk,274,42,Cope,Dull,2023-02-07 19:56:00,2023-09-21 04:51:00,Granite City
WAUDF48H47K040210,Winnipeg,286,32,Cope,Dull,2023-11-01 07:50:00,2023-08-18 18:28:00,Granite City
WAUDF98E06A130588,Winnipeg,683,42,Null,Sharp,2023-06-16 22:39:00,2023-01-23 18:24:00,Granite City
WAUDF98E36A342630,Keokuk,459,42,Drag,Dull,2023-06-17 16:24:00,2022-12-27 21:59:00,Amsted
WAUDFAFC5DN354822,Winnipeg,515,28,Drag,Sharp,2023-10-19 10:42:00,2022-12-09 02:42:00,Amsted
WAUDFAFL1DA796004,Winnipeg,903,28,Drag,Sharp,2023-04-09 00:46:00,2023-11-08 15:12:00,Granite City
WAUDFAFL3BA879057,Kansas City,552,42,Drag,Dull,2023-08-13 19:12:00,2023-06-13 13:32:00,Granite City
WAUDFAFL3DA647884,Kansas City,672,42,Null,Sharp,2023-08-17 09:28:00,2023-09-22 18:48:00,Amsted
WAUDFAFL6CN639589,Winnipeg,751,42,Cope,Dull,2023-01-07 13:19:00,2023-06-17 14:09:00,Amsted
WAUDFAFL7EN670708,Keokuk,239,28,Null,Sharp,2023-08-01 15:04:00,2023-07-18 06:22:00,Granite City
WAUDG78E96A737302,Kansas City,434,42,Drag,Dull,2023-02-25 18:03:00,2023-04-30 17:42:00,Granite City
WAUDG94F35N137120,Keokuk,624,32,Null,Sharp,2023-11-08 16:25:00,2023-04-26 21:46:00,Amsted
WAUDGBFL5AA754126,Kansas City,369,42,Drag,Sharp,2023-04-17 12:57:00,2023-09-11 09:45:00,Granite City
WAUDH48H08K806249,Columbus,338,42,Drag,Dull,2023-09-19 22:29:00,2023-02-19 23:00:00,Granite City
WAUDH48H88K825213,Kansas City,595,32,Drag,Sharp,2023-05-21 12:01:00,2023-08-22 00:29:00,Amsted
WAUDH74F28N855702,Keokuk,247,32,Drag,Dull,2023-09-09 08:59:00,2023-10-12 22:41:00,Amsted
WAUDL54F15N409250,Columbus,269,42,Cope,Dull,2023-07-05 07:51:00,2023-05-20 06:04:00,Granite City
WAUDL74F35N749334,Keokuk,175,32,Cope,Dull,2023-04-06 16:28:00,2023-08-21 06:03:00,Granite City
WAUDL94F26N836171,Winnipeg,810,32,Cope,Sharp,2023-04-21 18:23:00,2023-07-10 12:28:00,Amsted
WAUEF78E28A364999,Kansas City,364,42,Null,Sharp,2023-10-24 23:07:00,2023-04-02 02:59:00,Amsted
WAUEF78E97A363475,Winnipeg,737,32,Cope,Dull,2023-11-16 14:53:00,2023-05-19 05:56:00,Amsted
WAUEFBFLXBN046889,Kansas City,514,32,Null,Sharp,2023-09-22 12:43:00,2023-06-07 01:26:00,Granite City
WAUEG98E16A937865,Columbus,41,42,Null,Dull,2023-02-10 02:14:00,2023-01-24 09:52:00,Granite City
WAUEH74F28N012328,Kansas City,744,32,Null,Sharp,2023-07-19 11:01:00,2023-07-12 20:51:00,Amsted
WAUEL94FX5N497811,Columbus,826,28,Null,Dull,2023-02-21 22:39:00,2023-01-17 23:56:00,Granite City
WAUFFAFL8BN807207,Kansas City,831,42,Cope,Dull,2022-12-01 11:09:00,2023-11-04 18:09:00,Granite City
WAUFFAFL8DA733300,Keokuk,53,32,Null,Sharp,2023-08-19 14:07:00,2023-03-11 14:29:00,Amsted
WAUFFAFLXDA697660,Columbus,341,28,Null,Sharp,2023-03-24 16:35:00,2023-07-29 05:39:00,Amsted
WAUFFBFL2BN780981,Winnipeg,418,32,Drag,Sharp,2023-11-03 22:47:00,2023-02-28 03:56:00,Granite City
WAUFFBFL5CA222499,Kansas City,74,32,Drag,Sharp,2023-01-07 21:55:00,2023-04-19 02:11:00,Granite City
WAUFFBFL8CA006730,Columbus,944,28,Cope,Sharp,2023-04-12 03:51:00,2023-04-07 22:15:00,Granite City
WAUFGAFC0EN158309,Keokuk,745,42,Cope,Sharp,2023-01-06 17:54:00,2023-09-24 19:02:00,Amsted
WAUFGAFC4DN096315,Kansas City,291,32,Drag,Dull,2023-08-09 15:58:00,2023-11-24 11:23:00,Granite City
WAUGF98K19A033391,Columbus,950,32,Drag,Sharp,2023-08-09 01:05:00,2023-08-16 07:05:00,Amsted
WAUGFAFC4DN118725,Columbus,400,32,Null,Dull,2023-01-25 14:48:00,2023-04-14 08:39:00,Amsted
WAUGFAFC7DN925210,Columbus,604,32,Null,Dull,2023-03-28 17:22:00,2023-04-11 13:03:00,Amsted
WAUGFAFR2BA053950,Keokuk,803,28,Drag,Dull,2023-08-21 01:24:00,2023-10-01 08:28:00,Amsted
WAUGGBFC4CN629983,Winnipeg,937,42,Drag,Dull,2023-10-08 21:04:00,2022-12-03 15:02:00,Granite City
WAUGL98E05A119000,Winnipeg,309,42,Drag,Sharp,2023-03-03 08:22:00,2023-05-06 03:55:00,Amsted
WAUGU54D01N670632,Kansas City,229,42,Null,Dull,2023-08-16 20:29:00,2023-07-06 07:40:00,Amsted
WAUHF78P38A169329,Columbus,419,28,Drag,Sharp,2022-12-07 10:59:00,2022-12-13 08:50:00,Amsted
WAUHFAFL0DA309540,Keokuk,377,28,Cope,Sharp,2023-03-14 08:06:00,2023-11-03 06:54:00,Amsted
WAUHFAFL4EA834151,Kansas City,202,32,Cope,Sharp,2023-04-30 00:03:00,2023-05-21 02:41:00,Granite City
WAUHFAFL7DA580059,Columbus,21,42,Drag,Sharp,2023-05-26 08:35:00,2023-09-10 21:54:00,Amsted
WAUHFAFLXBA692920,Columbus,452,32,Drag,Sharp,2023-05-03 02:21:00,2023-10-03 14:31:00,Amsted
WAUHFAFLXDN969108,Kansas City,652,42,Drag,Sharp,2023-10-26 04:25:00,2023-03-21 12:42:00,Amsted
WAUHFBFL8AN751170,Winnipeg,367,32,Drag,Sharp,2023-04-20 23:48:00,2023-03-01 11:33:00,Granite City
WAUHGBFCXEN592509,Kansas City,73,42,Cope,Dull,2023-02-05 05:32:00,2023-04-04 16:37:00,Amsted
WAUHMAFC1EN908494,Keokuk,632,32,Null,Dull,2022-12-30 08:07:00,2023-11-02 15:26:00,Amsted
WAUJC58E74A952368,Keokuk,688,42,Drag,Sharp,2022-12-27 18:51:00,2023-11-03 03:28:00,Granite City
WAUJC58E84A122949,Keokuk,669,32,Null,Sharp,2023-06-04 04:40:00,2023-06-06 18:44:00,Granite City
WAUJC68E45A243923,Keokuk,757,32,Drag,Sharp,2022-12-02 08:09:00,2023-05-12 18:17:00,Amsted
WAUJF78K69N381075,Keokuk,227,28,Cope,Dull,2023-03-13 04:33:00,2023-09-12 04:08:00,Amsted
WAUJFAFH5BN648426,Kansas City,455,42,Null,Sharp,2023-02-19 11:16:00,2023-08-31 20:14:00,Granite City
WAUJT64B82N438892,Kansas City,799,32,Null,Dull,2023-01-30 03:31:00,2023-05-02 21:33:00,Amsted
WAUKD78P56A202386,Winnipeg,629,32,Drag,Sharp,2023-10-09 15:07:00,2023-02-20 13:55:00,Amsted
WAUKF68EX5A043852,Keokuk,656,28,Null,Sharp,2023-09-03 22:26:00,2023-11-07 10:36:00,Amsted
WAUKFBFL7AA961675,Keokuk,549,32,Cope,Dull,2023-01-26 04:48:00,2023-11-06 03:37:00,Granite City
WAUKGBFB1BN321654,Kansas City,603,42,Cope,Sharp,2023-08-01 18:09:00,2023-10-18 12:23:00,Granite City
WAUKH78E26A591328,Winnipeg,818,42,Null,Dull,2023-05-12 04:12:00,2023-04-18 21:15:00,Amsted
WAULC58E15A561985,Winnipeg,806,42,Cope,Dull,2023-02-22 10:30:00,2023-03-06 09:25:00,Amsted
WAULC58E85A179663,Winnipeg,476,28,Null,Sharp,2023-06-28 16:37:00,2023-11-17 19:23:00,Amsted
WAULC68E14A168377,Winnipeg,959,42,Drag,Dull,2023-01-08 06:16:00,2023-05-02 23:53:00,Granite City
WAULC68E52A094703,Columbus,94,28,Drag,Sharp,2023-01-19 14:27:00,2023-06-01 23:36:00,Granite City
WAULD64B12N814371,Keokuk,890,42,Drag,Dull,2023-07-04 10:25:00,2023-06-22 21:19:00,Granite City
WAULF98K59N069883,Winnipeg,441,28,Null,Sharp,2023-08-13 02:41:00,2023-06-07 23:09:00,Amsted
WAULH54B81N582185,Keokuk,493,28,Null,Dull,2023-09-26 01:18:00,2023-05-08 11:22:00,Granite City
WAULK78K49A508613,Kansas City,328,42,Drag,Dull,2023-07-14 20:18:00,2023-11-25 21:03:00,Amsted
WAULL44E85N640692,Keokuk,177,32,Null,Dull,2023-06-17 14:08:00,2023-08-01 13:54:00,Granite City
WAULL44EX6N958802,Winnipeg,578,28,Cope,Sharp,2023-03-18 11:52:00,2022-12-24 17:09:00,Amsted
WAULT58E35A766627,Columbus,254,42,Cope,Sharp,2023-06-30 08:32:00,2023-03-26 14:17:00,Granite City
WAULT64BX4N354245,Columbus,695,28,Drag,Sharp,2023-10-27 15:03:00,2023-04-10 10:51:00,Granite City
WAULT68E42A217259,Winnipeg,178,32,Drag,Dull,2023-08-22 20:48:00,2023-10-29 09:18:00,Granite City
WAUMF98P36A483635,Columbus,353,42,Null,Sharp,2023-07-19 14:53:00,2023-11-09 23:51:00,Granite City
WAUMFAFL2CN549694,Winnipeg,855,28,Cope,Sharp,2023-09-04 05:34:00,2023-03-04 09:40:00,Granite City
WAUMFAFR8FA137795,Kansas City,895,42,Drag,Sharp,2023-05-17 14:56:00,2023-11-11 07:08:00,Amsted
WAUML54B82N022137,Winnipeg,837,42,Cope,Dull,2023-01-15 09:40:00,2023-03-19 15:56:00,Amsted
WAUNF98P58A140669,Kansas City,193,32,Null,Sharp,2023-04-19 20:32:00,2023-09-18 09:27:00,Amsted
WAUNF98P88A752347,Kansas City,198,42,Drag,Dull,2023-01-27 05:29:00,2023-01-02 03:11:00,Granite City
WAUPEBFM4CA390067,Winnipeg,650,42,Drag,Sharp,2022-12-06 03:54:00,2023-08-12 10:44:00,Granite City
WAUPL58E05A391748,Kansas City,619,32,Drag,Dull,2023-10-28 22:09:00,2022-12-05 15:51:00,Amsted
WAURD68D61A386048,Winnipeg,137,28,Null,Dull,2022-11-27 18:44:00,2023-08-05 02:51:00,Amsted
WAURD68D62A714246,Kansas City,838,28,Null,Dull,2023-03-16 13:55:00,2023-10-15 00:41:00,Amsted
WAURD68D71A312539,Columbus,792,42,Null,Sharp,2023-03-02 18:07:00,2023-03-27 23:46:00,Granite City
WAURFAFR1CA440807,Keokuk,216,32,Cope,Sharp,2023-03-30 21:32:00,2023-04-20 14:24:00,Amsted
WAURFAFR1DA546045,Columbus,391,42,Null,Dull,2023-01-12 20:55:00,2023-04-25 13:02:00,Amsted
WAURMAFD0EN889241,Winnipeg,547,28,Cope,Sharp,2023-10-14 23:15:00,2022-12-09 23:19:00,Granite City
WAUSF78E47A462594,Winnipeg,930,28,Cope,Dull,2023-01-05 00:03:00,2023-10-07 13:21:00,Amsted
WAUSF78KX9N446126,Keokuk,781,32,Null,Dull,2023-10-31 07:33:00,2023-10-05 00:55:00,Granite City
WAUSF98K89A753569,Columbus,158,28,Drag,Dull,2023-06-24 01:35:00,2023-03-16 05:34:00,Amsted
WAUSH74F08N015053,Keokuk,467,32,Drag,Dull,2023-09-20 22:58:00,2023-04-17 06:42:00,Amsted
WAUSH78E87A791714,Kansas City,233,32,Cope,Sharp,2023-11-05 16:23:00,2023-08-13 20:32:00,Granite City
WAUTFAFH4DN132277,Kansas City,241,32,Cope,Dull,2023-09-05 15:13:00,2023-03-05 06:46:00,Granite City
WAUTFAFH9BN486616,Keokuk,298,42,Cope,Dull,2023-10-13 23:36:00,2023-02-24 21:35:00,Amsted
WAUUL58E75A070292,Kansas City,834,28,Cope,Dull,2023-07-09 22:53:00,2023-08-05 04:45:00,Granite City
WAUUL98EX8A235991,Kansas City,148,28,Cope,Dull,2023-09-14 20:17:00,2023-01-11 15:47:00,Amsted
WAUVC68E05A597391,Kansas City,156,42,Cope,Sharp,2023-01-08 12:52:00,2023-05-03 16:47:00,Granite City
WAUVC68E24A362604,Columbus,666,42,Null,Dull,2023-03-15 01:00:00,2023-11-02 23:52:00,Granite City
WAUVC68E73A378277,Keokuk,520,32,Cope,Sharp,2022-11-27 20:46:00,2023-11-02 08:58:00,Granite City
WAUVFAFH8CN030584,Kansas City,630,28,Drag,Sharp,2023-05-11 07:31:00,2022-12-05 23:27:00,Granite City
WAUVFAFH9DN714397,Kansas City,872,32,Null,Dull,2023-05-18 08:41:00,2023-09-16 15:37:00,Granite City
WAUVT68E85A504939,Winnipeg,644,32,Drag,Sharp,2022-12-24 09:06:00,2022-12-25 11:28:00,Amsted
WAUWGAFC3FN262097,Kansas City,469,32,Cope,Sharp,2023-01-26 16:19:00,2023-07-04 09:31:00,Amsted
WAUZL54B71N614262,Winnipeg,488,42,Cope,Sharp,2023-07-23 19:03:00,2023-05-12 04:29:00,Amsted
WBA1J7C58EV077675,Keokuk,237,42,Drag,Dull,2023-05-12 01:44:00,2023-01-11 00:26:00,Granite City
WBA1M1C53FV285971,Keokuk,212,32,Cope,Dull,2023-11-20 20:00:00,2023-04-12 07:42:00,Amsted
WBA3A5C51FP570049,Keokuk,580,42,Null,Dull,2023-09-09 02:39:00,2023-01-07 03:04:00,Granite City
WBA3A9G52FN128071,Kansas City,864,32,Cope,Sharp,2023-05-27 02:05:00,2023-09-03 17:26:00,Granite City
WBA3B1C51EK646306,Kansas City,423,42,Null,Dull,2023-07-18 17:50:00,2023-03-22 07:49:00,Amsted
WBA3B1C52F5496562,Kansas City,800,28,Null,Sharp,2023-08-09 10:45:00,2023-04-12 11:44:00,Granite City
WBA3B1C52FP882452,Columbus,545,42,Cope,Sharp,2023-05-22 02:10:00,2023-11-02 21:08:00,Granite City
WBA3B5C50DP469482,Keokuk,933,42,Cope,Sharp,2022-12-26 00:32:00,2023-06-17 10:32:00,Amsted
WBA3B5G57FN435256,Winnipeg,639,42,Drag,Dull,2023-02-11 05:26:00,2023-04-20 14:10:00,Amsted
WBA3B9C53FP746541,Winnipeg,183,32,Cope,Dull,2023-09-11 11:46:00,2023-10-18 00:25:00,Amsted
WBA3C3G5XFN062859,Keokuk,28,32,Drag,Dull,2023-02-19 18:01:00,2023-01-05 11:15:00,Amsted
WBA3F9C58DF835772,Columbus,312,28,Drag,Sharp,2023-07-19 00:59:00,2023-04-05 01:19:00,Amsted
WBA3N3C59EK774621,Winnipeg,877,42,Null,Sharp,2023-08-21 15:06:00,2023-05-10 03:19:00,Granite City
WBA3N7C55FK548259,Columbus,921,28,Cope,Sharp,2023-06-01 08:30:00,2023-10-29 07:40:00,Amsted
WBA3R1C51EK338368,Keokuk,99,32,Drag,Sharp,2023-05-04 05:56:00,2023-04-21 05:50:00,Granite City
WBA3T3C53EP329493,Columbus,654,28,Drag,Dull,2023-02-16 01:07:00,2022-12-30 14:36:00,Granite City
WBA3V9C57F5246577,Keokuk,679,42,Null,Dull,2023-03-27 16:19:00,2023-07-10 16:05:00,Granite City
WBA3X9C5XED007359,Columbus,706,32,Null,Dull,2023-08-24 20:26:00,2023-10-02 03:26:00,Granite City
WBA4B1C54FG139666,Columbus,932,28,Drag,Sharp,2023-02-17 14:44:00,2023-08-05 00:35:00,Granite City
WBA5A7C52FG836389,Columbus,525,32,Null,Dull,2023-03-05 02:33:00,2023-04-20 15:36:00,Amsted
WBA5A7C57FG865550,Winnipeg,153,28,Drag,Dull,2023-10-30 05:00:00,2023-08-31 07:12:00,Granite City
WBA5B1C50FD017540,Columbus,59,42,Cope,Dull,2023-10-07 01:14:00,2023-06-06 20:56:00,Granite City
WBA5B1C53FG099973,Columbus,568,42,Cope,Dull,2023-03-08 16:40:00,2023-07-02 19:02:00,Granite City
WBA6A0C54ED127006,Keokuk,964,42,Null,Dull,2023-03-28 07:34:00,2023-06-01 02:51:00,Amsted
WBA6B4C51ED075550,Keokuk,880,32,Cope,Sharp,2023-11-10 11:54:00,2023-02-16 15:07:00,Amsted
WBA6B4C54FD203748,Columbus,659,28,Cope,Dull,2023-07-22 18:55:00,2023-11-19 07:15:00,Granite City
WBA6B4C59ED125207,Winnipeg,457,32,Cope,Sharp,2023-11-18 05:40:00,2023-02-05 07:09:00,Granite City
WBAAV33421F384882,Kansas City,671,28,Cope,Dull,2022-12-05 20:31:00,2023-10-01 21:01:00,Granite City
WBAAV53411F013594,Winnipeg,131,28,Drag,Sharp,2023-08-29 21:54:00,2023-10-05 17:55:00,Granite City
WBAAX13475P389137,Keokuk,790,28,Drag,Dull,2023-05-09 20:02:00,2023-03-11 07:34:00,Granite City
WBABW33406P074670,Columbus,95,32,Drag,Sharp,2023-05-29 18:23:00,2023-11-12 19:58:00,Amsted
WBABW33454P994789,Kansas City,664,28,Drag,Dull,2023-03-12 02:19:00,2023-07-07 20:27:00,Amsted
WBADW3C51DE641172,Keokuk,987,28,Cope,Dull,2023-09-23 01:02:00,2023-09-23 21:58:00,Amsted
WBADW3C5XDE703796,Keokuk,320,28,Drag,Dull,2023-10-08 21:59:00,2023-01-21 21:37:00,Granite City
WBADW7C50DE038432,Keokuk,749,28,Null,Sharp,2023-05-30 00:38:00,2023-08-06 05:13:00,Granite City
WBADX7C57CE430738,Winnipeg,317,32,Cope,Dull,2023-11-23 12:54:00,2023-07-13 06:27:00,Granite City
WBADX7C5XDP972311,Winnipeg,611,32,Drag,Sharp,2023-01-28 00:25:00,2023-02-14 20:40:00,Granite City
WBAEJ13453A535960,Winnipeg,563,32,Null,Sharp,2023-06-19 19:59:00,2023-01-19 04:11:00,Granite City
WBAEK13597C148649,Keokuk,562,28,Drag,Sharp,2023-10-03 23:05:00,2023-10-09 15:26:00,Amsted
WBAET37403N666738,Keokuk,579,28,Cope,Dull,2023-08-31 00:49:00,2023-02-17 02:33:00,Granite City
WBAET37494N620875,Columbus,822,28,Null,Dull,2023-05-22 10:47:00,2023-10-27 10:07:00,Granite City
WBAEU33452P067825,Winnipeg,75,32,Drag,Dull,2023-06-24 10:47:00,2022-12-20 09:11:00,Granite City
WBAEV33485K114117,Keokuk,798,28,Cope,Dull,2023-01-01 20:43:00,2023-10-22 05:53:00,Granite City
WBAEV53434K234756,Kansas City,393,32,Cope,Sharp,2023-02-25 04:09:00,2023-04-15 01:50:00,Granite City
WBAEW534X5P910136,Winnipeg,61,28,Null,Sharp,2023-04-11 10:57:00,2023-07-17 16:42:00,Amsted
WBAFB33571L255433,Keokuk,19,32,Cope,Sharp,2023-08-20 23:04:00,2023-04-03 16:22:00,Granite City
WBAFR9C55CD269035,Winnipeg,698,28,Cope,Dull,2023-04-17 05:23:00,2022-12-24 17:44:00,Amsted
WBAFU7C52DD073154,Columbus,645,42,Drag,Dull,2023-10-27 09:21:00,2022-12-31 17:05:00,Granite City
WBAGK93431D374217,Kansas City,196,42,Null,Sharp,2023-10-07 11:34:00,2023-10-02 23:12:00,Granite City
WBAHN03526D685192,Winnipeg,774,42,Drag,Sharp,2023-10-08 22:06:00,2023-11-13 17:37:00,Amsted
WBAKB4C53BC644463,Winnipeg,913,32,Drag,Sharp,2022-12-16 03:20:00,2023-02-20 23:12:00,Amsted
WBAKE5C58BE687326,Winnipeg,863,28,Drag,Dull,2023-10-26 23:40:00,2023-03-27 14:05:00,Amsted
WBAKF3C51BE890947,Columbus,475,28,Cope,Sharp,2023-09-14 22:34:00,2023-09-01 06:45:00,Granite City
WBAKG7C53BE322140,Keokuk,454,32,Drag,Dull,2023-03-17 06:01:00,2023-05-03 19:07:00,Granite City
WBALM7C54DE676006,Columbus,662,32,Cope,Sharp,2022-12-22 01:09:00,2022-11-30 22:59:00,Amsted
WBALM7C55CE617030,Keokuk,10,32,Drag,Dull,2023-06-16 21:23:00,2023-06-06 09:00:00,Granite City
WBANA53565B382602,Winnipeg,561,42,Null,Sharp,2023-03-15 16:41:00,2023-08-22 16:15:00,Amsted
WBANE53547C511793,Columbus,704,28,Drag,Sharp,2023-07-09 23:23:00,2023-10-02 00:04:00,Amsted
WBANF33537B774932,Winnipeg,160,32,Null,Sharp,2023-09-08 08:52:00,2023-01-31 00:09:00,Amsted
WBANN73527C153492,Winnipeg,714,42,Null,Sharp,2022-12-27 03:47:00,2023-07-31 11:14:00,Amsted
WBANN735X6B209960,Kansas City,238,28,Cope,Sharp,2023-10-02 11:53:00,2023-01-05 02:24:00,Amsted
WBANW13588C226179,Columbus,658,28,Null,Sharp,2023-04-25 00:32:00,2023-11-22 03:21:00,Amsted
WBAPH73599A205327,Columbus,985,28,Null,Dull,2023-04-17 08:43:00,2023-06-15 13:05:00,Amsted
WBAPH7C51AE951932,Keokuk,617,42,Cope,Dull,2023-06-13 17:31:00,2023-10-26 13:21:00,Amsted
WBAPK5C51BF217910,Kansas City,316,28,Drag,Dull,2023-09-22 23:12:00,2023-08-31 18:00:00,Amsted
WBAPK73589A397227,Winnipeg,371,32,Null,Sharp,2023-07-04 21:20:00,2023-10-03 15:35:00,Amsted
WBAPM77569N438418,Columbus,44,42,Cope,Sharp,2023-02-07 02:26:00,2023-07-21 09:07:00,Amsted
WBAPN73579A838093,Keokuk,308,32,Cope,Dull,2023-09-10 03:59:00,2023-10-14 13:33:00,Amsted
WBASN4C5XCC713013,Kansas City,517,28,Null,Sharp,2023-04-12 13:11:00,2023-05-03 13:12:00,Amsted
WBAUN1C56CV075371,Kansas City,83,32,Drag,Dull,2023-07-06 09:02:00,2023-09-06 17:17:00,Amsted
WBAUP7C5XDV986513,Winnipeg,134,28,Drag,Sharp,2023-09-19 02:28:00,2023-10-02 02:57:00,Granite City
WBAUT9C52BA404867,Winnipeg,966,42,Cope,Sharp,2023-07-24 06:05:00,2023-06-29 19:49:00,Amsted
WBAVA33508K244238,Columbus,435,42,Null,Dull,2023-03-07 12:50:00,2022-12-01 16:16:00,Granite City
WBAVB13536K540420,Columbus,988,28,Null,Dull,2023-11-16 18:27:00,2023-05-07 04:32:00,Amsted
WBAVB33586P236384,Kansas City,285,32,Cope,Dull,2023-05-26 12:20:00,2023-07-24 00:14:00,Granite City
WBAVB73587V816934,Winnipeg,427,42,Cope,Sharp,2023-09-12 10:51:00,2023-07-15 12:07:00,Amsted
WBAVC73518K353051,Keokuk,573,32,Cope,Dull,2023-06-27 07:34:00,2023-04-19 02:32:00,Granite City
WBAVD13596K649846,Keokuk,572,42,Null,Dull,2023-09-18 21:27:00,2023-05-10 02:58:00,Amsted
WBAVD535X7A538205,Winnipeg,412,32,Cope,Sharp,2023-01-24 19:12:00,2023-03-21 01:37:00,Amsted
WBAVM1C50FV489693,Keokuk,29,28,Null,Dull,2023-08-28 10:14:00,2023-02-17 11:09:00,Amsted
WBAVM5C54EV745937,Keokuk,366,32,Null,Sharp,2023-10-27 12:58:00,2023-09-03 07:28:00,Granite City
WBAWB73559P256589,Kansas City,473,28,Null,Sharp,2023-08-23 06:46:00,2023-07-23 01:45:00,Amsted
WBAWC3C51AP278258,Columbus,45,28,Drag,Dull,2022-12-19 05:26:00,2023-08-31 02:33:00,Granite City
WBAWV13509P466652,Winnipeg,927,42,Drag,Dull,2023-06-15 17:11:00,2023-07-01 19:38:00,Granite City
WBAWV13548P335478,Keokuk,570,42,Null,Sharp,2022-12-31 05:11:00,2023-02-25 17:58:00,Granite City
WBAWV5C55AP092292,Kansas City,700,28,Drag,Dull,2022-12-28 16:16:00,2023-07-05 18:20:00,Granite City
WBAXG5C5XDD923080,Keokuk,883,28,Null,Dull,2023-02-07 21:50:00,2023-08-09 10:58:00,Amsted
WBAYA8C53FG797363,Keokuk,625,28,Null,Sharp,2023-02-17 05:44:00,2023-08-05 05:57:00,Amsted
WBAYM1C53FD485219,Winnipeg,231,32,Null,Dull,2023-03-07 18:40:00,2023-05-11 07:21:00,Granite City
WBAYP1C56FD067521,Winnipeg,509,32,Cope,Sharp,2023-08-24 13:19:00,2023-10-09 05:56:00,Granite City
WBAYP9C55ED117645,Kansas City,360,28,Null,Sharp,2023-06-11 11:37:00,2023-11-13 01:04:00,Amsted
WBAYP9C56FD145309,Keokuk,591,28,Cope,Sharp,2023-03-12 07:00:00,2022-12-11 03:10:00,Amsted
WBS3C9C58FP606428,Winnipeg,56,28,Drag,Sharp,2023-06-28 22:06:00,2023-07-17 07:53:00,Granite City
WBSBR93492E276371,Kansas City,576,42,Drag,Dull,2023-04-02 12:01:00,2023-06-27 23:34:00,Amsted
WBSKG9C58DE739683,Kansas City,756,28,Drag,Sharp,2023-08-26 23:25:00,2023-04-20 07:49:00,Amsted
WBSKG9C59BE462829,Columbus,710,32,Null,Sharp,2023-06-19 03:24:00,2023-10-16 09:13:00,Amsted
WBSPM9C50BE299289,Winnipeg,763,42,Null,Sharp,2023-07-29 08:27:00,2023-03-03 23:31:00,Granite City
WBXPA73454W044472,Winnipeg,696,42,Null,Dull,2022-12-18 17:07:00,2022-12-02 04:02:00,Amsted
WBXPC93488W119578,Kansas City,433,28,Drag,Dull,2023-02-24 02:17:00,2023-11-21 03:38:00,Amsted
WBXPC9C41AW697821,Kansas City,534,32,Null,Dull,2023-01-03 00:32:00,2023-07-05 07:10:00,Granite City
WDBWK5EA3BF484425,Kansas City,472,28,Null,Dull,2023-01-19 05:04:00,2023-07-27 20:56:00,Amsted
WDBWK5JA8BF256765,Winnipeg,637,32,Drag,Dull,2023-07-02 08:37:00,2023-10-26 02:17:00,Amsted
WDCGG5GB6AF746136,Keokuk,370,32,Null,Sharp,2023-04-04 20:47:00,2023-02-04 07:45:00,Amsted
WDCGG5GBXCF088792,Winnipeg,585,28,Null,Dull,2023-11-06 09:26:00,2023-04-11 08:11:00,Granite City
WDCYC3HF2CX429845,Keokuk,256,32,Null,Dull,2023-04-07 09:53:00,2023-11-12 22:20:00,Amsted
WDDDJ7CB2AA298783,Winnipeg,523,32,Cope,Sharp,2023-11-16 20:36:00,2023-07-27 03:08:00,Amsted
WDDDJ7CB5AA114193,Winnipeg,648,28,Null,Dull,2023-01-22 04:01:00,2023-07-24 08:55:00,Amsted
WDDEJ7EB6DA252508,Keokuk,606,42,Null,Sharp,2023-07-23 12:16:00,2023-01-28 13:15:00,Amsted
WDDEJ7GBXBA917615,Kansas City,620,42,Null,Dull,2023-10-08 10:44:00,2022-12-14 16:47:00,Amsted
WDDEJ7KB7CA579633,Keokuk,992,32,Null,Dull,2022-11-28 00:55:00,2023-11-14 15:14:00,Granite City
WDDEJ7KB9DA039816,Winnipeg,210,32,Cope,Dull,2023-08-02 10:16:00,2023-11-10 09:26:00,Granite City
WDDGF4HB3CR404491,Keokuk,693,42,Cope,Sharp,2023-03-21 18:35:00,2023-02-11 12:09:00,Granite City
WDDGF4HB8EA432563,Winnipeg,340,32,Cope,Dull,2022-12-08 23:44:00,2022-12-09 15:43:00,Amsted
WDDGF5EB0AR829500,Keokuk,128,28,Drag,Dull,2023-02-15 20:28:00,2023-11-13 10:24:00,Amsted
WDDGF5EB3AA457911,Columbus,26,42,Null,Sharp,2022-12-25 13:03:00,2023-11-18 23:29:00,Granite City
WDDGF5EB8BA174695,Keokuk,211,28,Drag,Sharp,2023-05-06 16:52:00,2023-08-18 17:43:00,Granite City
WDDGF5EB8BR719439,Winnipeg,329,42,Drag,Sharp,2023-05-11 06:37:00,2023-11-10 05:08:00,Amsted
WDDGF5EBXAA364397,Winnipeg,733,28,Null,Dull,2023-06-20 16:53:00,2023-10-13 17:30:00,Amsted
WDDHF0EB0EA261146,Kansas City,589,42,Drag,Sharp,2023-01-04 02:42:00,2023-04-09 07:32:00,Granite City
WDDJK7DAXDF897461,Winnipeg,819,32,Cope,Sharp,2023-10-05 04:40:00,2023-02-16 06:08:00,Amsted
WDDNG7BB7AA954836,Winnipeg,394,32,Cope,Dull,2023-06-28 10:43:00,2022-12-20 18:35:00,Granite City
WDDNG7DB5DA903644,Winnipeg,740,42,Cope,Sharp,2022-12-26 02:04:00,2023-05-28 08:39:00,Amsted
WP0AA2A91CS105018,Keokuk,195,42,Drag,Dull,2023-05-18 11:43:00,2023-01-11 11:06:00,Amsted
WP0AA2A99DS954217,Winnipeg,129,28,Null,Sharp,2023-02-03 19:57:00,2023-01-16 03:38:00,Amsted
WP0AB2A91AS532466,Kansas City,827,42,Cope,Sharp,2023-08-28 23:28:00,2023-05-31 00:36:00,Granite City
WP0AB2A96BS211279,Keokuk,3,32,Drag,Dull,2022-12-14 18:30:00,2023-03-23 06:43:00,Amsted
WP0AB2A9XAS771434,Columbus,924,32,Cope,Sharp,2023-09-21 13:11:00,2023-04-06 14:10:00,Granite City
WP1AE2A28CL859398,Winnipeg,425,32,Cope,Sharp,2022-12-15 21:07:00,2022-11-29 09:17:00,Amsted
WUADUAFG1EN969223,Kansas City,516,32,Cope,Sharp,2023-06-23 16:58:00,2022-12-12 08:51:00,Amsted
WUADUAFG8AN090327,Keokuk,203,42,Drag,Dull,2023-07-17 07:59:00,2023-01-09 21:33:00,Granite City
WUARL48H06K704232,Winnipeg,24,32,Null,Sharp,2022-12-18 21:32:00,2023-03-20 06:12:00,Amsted
WUATNAFG2CN720547,Kansas City,250,28,Cope,Dull,2023-10-06 16:58:00,2023-02-25 12:25:00,Granite City
WUAUUAFG2BN375610,Keokuk,172,42,Drag,Sharp,2023-09-26 15:27:00,2023-04-12 13:12:00,Amsted
WVGAV3AX1DW766210,Winnipeg,490,42,Null,Sharp,2023-03-04 10:26:00,2023-01-16 14:51:00,Granite City
WVGAV3AX3DW609150,Kansas City,267,42,Cope,Sharp,2023-10-04 20:52:00,2023-05-05 13:52:00,Granite City
WVGAV3AX5DW330881,Columbus,917,42,Drag,Dull,2023-01-18 08:36:00,2023-10-09 13:13:00,Granite City
WVGAV3AXXDW822354,Columbus,983,28,Drag,Sharp,2023-04-09 18:32:00,2023-02-06 06:20:00,Granite City
WVGAV7AX0AW078976,Winnipeg,20,32,Cope,Dull,2023-05-02 06:07:00,2023-02-24 10:52:00,Granite City
WVGAV7AX0CW555957,Kansas City,413,28,Null,Sharp,2023-05-12 20:13:00,2023-05-17 04:22:00,Granite City
WVGAV7AX2CW932076,Kansas City,176,28,Drag,Dull,2022-12-18 02:47:00,2023-10-18 09:54:00,Amsted
WVGAV7AX3CW908319,Winnipeg,139,28,Cope,Dull,2023-09-18 15:39:00,2023-01-25 05:19:00,Amsted
WVGAV7AX6BW285082,Keokuk,386,42,Null,Sharp,2023-11-26 09:35:00,2023-08-08 03:29:00,Granite City
WVGAV7AX7CW762233,Columbus,325,42,Drag,Dull,2023-02-26 07:24:00,2023-09-16 13:30:00,Granite City
WVGAV7AXXCW709509,Keokuk,218,28,Cope,Dull,2023-11-07 10:51:00,2023-05-09 11:30:00,Granite City
WVGEF9BP9DD988909,Columbus,161,42,Drag,Dull,2023-10-07 02:01:00,2023-10-02 16:23:00,Granite City
WVWAA7AH2AV034797,Columbus,314,32,Cope,Dull,2023-06-07 22:44:00,2023-08-13 17:42:00,Granite City
WVWAA7AH2AV618438,Columbus,758,28,Cope,Sharp,2022-12-13 05:09:00,2023-01-04 05:20:00,Amsted
WVWAA7AJ8CW445492,Winnipeg,112,32,Cope,Dull,2023-01-07 20:47:00,2022-12-20 15:57:00,Amsted
WVWAB7AJ0CW036013,Winnipeg,420,28,Drag,Dull,2023-03-23 11:41:00,2023-03-01 12:07:00,Amsted
WVWAB7AJ3DW538709,Keokuk,453,42,Cope,Dull,2023-07-01 05:48:00,2023-07-07 10:18:00,Granite City
WVWAB7AJ5CW506052,Columbus,70,42,Null,Dull,2023-07-24 04:04:00,2023-03-31 19:32:00,Granite City
WVWAB7AJ6DW569680,Kansas City,80,32,Drag,Sharp,2023-05-08 22:17:00,2023-10-11 17:45:00,Amsted
WVWAB7AJXCW354379,Keokuk,362,32,Cope,Sharp,2023-02-13 01:10:00,2023-11-08 15:57:00,Amsted
WVWAB7AJXCW758721,Keokuk,135,28,Drag,Sharp,2023-06-20 19:25:00,2023-07-16 01:01:00,Granite City
WVWAN7AN0DE062144,Winnipeg,537,42,Drag,Dull,2022-11-27 00:18:00,2023-05-28 19:07:00,Granite City
WVWAN7AN0EE985192,Keokuk,615,28,Null,Dull,2023-10-28 06:09:00,2023-08-26 23:28:00,Amsted
WVWAN7AN4EE559828,Kansas City,43,42,Null,Dull,2023-06-25 11:05:00,2023-04-08 02:45:00,Amsted
WVWAP7AN0DE540976,Columbus,255,42,Null,Sharp,2023-10-10 11:07:00,2023-10-14 01:13:00,Granite City
WVWAP7AN1DE721861,Keokuk,327,42,Null,Dull,2023-11-19 11:16:00,2023-08-07 20:22:00,Granite City
WVWED7AJ0DW718550,Columbus,791,42,Drag,Dull,2023-03-03 10:47:00,2023-10-18 18:08:00,Amsted
WVWED7AJ5DW843060,Winnipeg,390,28,Cope,Dull,2023-04-14 22:40:00,2023-04-01 22:59:00,Amsted
WVWED7AJXBW285168,Kansas City,306,32,Drag,Dull,2023-05-23 10:11:00,2023-09-05 15:45:00,Amsted
WVWGU7AN2BE199628,Kansas City,721,42,Cope,Sharp,2023-08-25 00:38:00,2022-12-25 16:55:00,Amsted
WVWGU9AN1BE468097,Keokuk,801,28,Null,Dull,2023-11-11 20:13:00,2023-06-29 20:34:00,Amsted
YV126MFJ3F1743330,Keokuk,544,32,Drag,Sharp,2023-10-29 22:50:00,2023-04-08 06:18:00,Granite City
YV1382MS2A2639493,Kansas City,397,42,Cope,Dull,2023-04-12 10:34:00,2023-02-05 11:39:00,Granite City
YV140MEB9F1319705,Winnipeg,560,28,Null,Sharp,2023-05-26 22:54:00,2022-12-24 07:05:00,Amsted
YV1672MC0BJ606542,Winnipeg,189,28,Null,Dull,2023-01-13 04:05:00,2023-08-01 08:06:00,Amsted
YV1902FH1D1379911,Kansas City,46,42,Null,Dull,2023-07-05 23:02:00,2023-10-04 15:03:00,Amsted
YV1902FH4D2755379,Winnipeg,208,28,Drag,Sharp,2023-10-09 17:22:00,2023-03-05 02:31:00,Granite City
YV1902MC3F1911718,Keokuk,971,42,Drag,Dull,2023-04-10 10:47:00,2023-09-06 08:14:00,Amsted
YV1902MC9F1852142,Kansas City,524,42,Drag,Sharp,2023-09-23 19:14:00,2023-10-15 05:09:00,Amsted
YV1960BW7A1059270,Kansas City,613,42,Null,Sharp,2023-01-30 22:58:00,2022-12-06 00:25:00,Amsted
YV4852CZ0A1565304,Kansas City,976,42,Cope,Dull,2023-11-19 17:23:00,2023-10-28 18:32:00,Granite City
YV4902BZ6E1652571,Columbus,780,42,Cope,Sharp,2023-08-02 09:36:00,2023-05-27 12:28:00,Granite City
YV4902DZ6D2851948,Columbus,787,32,Null,Sharp,2023-10-17 18:56:00,2023-06-30 13:29:00,Granite City
YV4952CTXD1875819,Winnipeg,1000,28,Null,Dull,2023-10-25 13:51:00,2023-01-21 05:56:00,Granite City
YV4952CY3E1115437,Columbus,870,42,Drag,Sharp,2023-05-29 08:19:00,2023-08-03 11:54:00,Granite City
ZHWGU6AU7CL482452,Winnipeg,768,32,Null,Dull,2023-05-05 22:42:00,2023-03-24 02:30:00,Amsted
